customer_id,customer_unique_id,customer_zip_code_prefix,customer_city,customer_state
35a74ac9-44fb-4f81-ab35-a691a08fbb31,85a53d08-dc86-4b8c-8aeb-9b589441e41d,58023,Vieira,MA
142a7b39-253e-49af-ba45-4df6d6375156,1a16d1ee-e03b-4b89-bc65-b672b51b5c22,95831,Lima da Serra,RR
0bfe2dff-9162-4205-a464-aa885903e55b,71cd4d58-ee1f-4a15-ae15-9a191d6c2ebe,85354,Vasconcelos de Correia,PB
e9917621-b26c-4155-9767-45c55f52ad65,a4e1b629-884e-449c-ac43-559a29e650ea,76124,da Paz das Pedras,CE
03570977-0551-44b2-bddd-6ab9d92da164,1e2432f6-eec2-46b2-86a0-eeb8ba5812e1,84031,Gomes,MT
0ae013bc-1ee5-48bf-b48a-9acebaf5fb66,8897d368-4f9c-4ffd-a71d-942920a8d5e3,46951,Campos da Serra,MT
71a673a0-16fe-44b7-b1f1-37fc6bfec14b,4a41f65f-ddef-423d-aa43-e4dd11e7a983,22895,Novaes,MA
0caa51d8-32c5-4489-8f79-1509448491f9,2b1a050f-a212-4a1b-9062-8622dc2e8c20,16760,Pires da Mata,PI
2f7be303-bfe3-477c-969d-f92654a32fbc,18d88423-a8db-40ab-909f-a3a9c7a7d1df,53105,Andrade de Viana,CE
0a8709eb-9cfb-45ca-974b-8640a627a963,3139cc57-94a4-42f5-8664-8a399fdbd46d,58683,Barbosa,MS
14d9a6d3-5f10-4283-b627-25e643595318,b6e6eb4b-6b34-4cf1-80f4-e03aa6d80cd8,69748,Araújo de Pacheco,CE
d617677d-3943-49d9-807d-846053b9eca3,becf07e0-06c3-4eaf-a6ba-4241526ad74d,30553,Azevedo de Minas,AC
f2a01289-4bc6-4a37-96d3-231359e32451,010e26bb-d569-4334-8245-53a825371dca,90798,Farias,RN
e0ae35a0-6a29-4963-a3bf-317075945eb0,33699ba1-9a6e-4085-ac76-146ce38803fc,97480,Pastor do Norte,ES
cd0bb00c-4ca2-4cef-8352-8661dd8e93b6,1d02c44d-44cb-4c7b-9ab5-e71496acf441,50929,Vasconcelos,RJ
2a84eaeb-2eb8-4b1a-8016-b1d79b91639d,8c64802a-60fa-4405-8e66-a1440dd65e22,38014,Pires do Amparo,TO
5a2d8f7c-4ca4-4270-a9c2-3b129645f12c,6f6bc6f3-6ef9-491d-a185-f34b9b836ea2,84575,Silva,MG
8c9e8631-182f-4606-940b-c60b2e99e16c,d6eb9206-6fbd-4a3c-8314-3d54109bebde,28098,Abreu,TO
b604ed5d-edd7-4848-a47b-9d6a6214c819,04649e56-f02d-4f43-8c35-5a1d3899b686,33100,Sousa,RO
fec465d9-e249-4fe3-a893-cda060d4fc5f,d7d0f852-c017-4d89-8929-7ff1c15b89cc,43039,da Rocha,AM
62f7ee0c-12c3-4468-ac0b-964774f5724c,2b00000e-2658-4923-b3a8-ca19375a8b04,30735,Almeida do Galho,AP
daed63e0-3c2c-4e85-b6ae-3d5c80fc4ee8,bf4c11e0-64e5-4e14-9e32-466da69b40f3,20611,Alves Verde,AP
d3cdd8f0-f868-4476-893a-7cd3e67a24e3,05d6e96a-b316-4859-8eee-8bf80606648d,15604,Pimenta,AL
6ef81b56-eaf6-4420-b520-680e45e1b392,276ea4d1-51a6-4a73-856b-f80bf94acb3c,89741,Mendonça,MT
9245ab0d-6ef7-4ff6-8bb7-f8bec310cc94,3e5a559e-f2ee-4aa3-9f4f-6059e2351702,50551,da Mata,BA
dd749cac-ab89-4b1b-adcb-b98455f842bd,81cc9fca-16da-4e7b-b02e-01777326fad1,00046,Cirino,PR
0f4f680c-cca8-4f89-b9a4-0804222ecdda,4b34d6c5-c9f6-410a-ab22-e369232085b7,76345,Freitas,AC
abfcd9ac-c402-4020-b952-0334357e9877,197814c5-0030-419d-84c1-3bedc235182e,18642,Pimenta Grande,GO
3e7fc881-399c-45e5-b753-e97a93bf859c,17d73554-e2cd-4d50-9514-b2d3160aa3b8,70934,Camargo Verde,RO
00ec50d8-6b94-40ea-a99c-2904724a00ea,bc1120d4-bb96-40d8-82ec-88986414857f,51955,Sousa,RJ
2af6ffa7-b59e-4a91-97e3-e8472099c999,083659e9-3fb1-4a79-8718-245ef1da8bb9,15410,Rodrigues de Minas,MT
c4bbfedc-fe0c-4ce5-925e-bffb9d212855,03a2adf3-ce3c-4321-bad9-5ebf3039432c,91424,Souza,RS
82a56e90-bccf-4e68-ae74-4c50555cd4ae,03921ea3-36ed-4373-82c9-d41dd40a5d68,08658,Siqueira,BA
58e9b5e2-969e-41c9-b01b-23c25d27fa2b,d3741750-41c1-4336-a5be-e0309f6ab2b9,17694,Oliveira,ES
212f3c26-7731-438e-8233-e716d516bece,aa1ed338-ec0a-4911-8b46-e6e331b6c02d,27808,Jesus de Sampaio,RR
28c6c625-02ee-4920-9beb-66558c957866,a590051c-8631-42fe-ac02-7a7183b0934a,77823,Pastor da Praia,AM
d8cff127-f048-462e-a587-af20d9b4dbf2,4eb28ad6-fc71-4482-ab1e-4e593539573a,48248,Moreira do Oeste,AC
67638cc7-bb0d-46e2-ac32-6dd68f0a92c3,d2e36ac7-9cb7-4140-8dca-8c612a3e732d,39155,Cavalcanti da Prata,PI
5ba98263-b9f3-4286-b811-816123ecfe00,f00d4092-a766-40bc-9342-3b549f5b375e,39907,Fogaça de Minas,SP
bd211ba8-3b36-45b2-9757-78d21c35f194,c4b30a42-7ab3-4be1-aed5-6f18a8e0e4e0,78205,Leão,PR
9804a22d-8feb-4802-86b2-73299beedb8a,ee989adb-dfeb-443e-ae93-531e9412a4b9,65352,Almeida,RN
e54e0448-c0f5-4c9a-9097-4579ccdba462,a0e19d72-36b2-417b-9590-f7276acd4353,51424,das Neves,ES
27f5e0a1-3e0e-491a-ab17-90f21414a1ab,4f3ffa76-6351-494b-a87e-2e73ca1f543a,83635,Siqueira,RR
f232af84-d108-4be9-be54-044a93436206,f71f76a4-8faf-46c5-ade8-26b875bc726d,99415,da Paz do Oeste,RR
d8d1cb0c-c5fc-4676-b169-5926bda85603,c1c501a5-7803-471a-9882-44cf7e61f1cf,66826,da Cunha,MG
e728046a-ba17-4193-b014-098278014dc5,6be75ee5-c592-4d57-b102-a82b45dba604,07040,da Rosa,MS
748906fe-43ff-4a3e-b62f-87ee75d4eaf7,71f23a9a-7249-4ffe-b5ea-379b70bd6d7b,74738,Freitas do Campo,SC
6c655117-0340-4167-899a-8ac167ba464e,1101e99a-f27c-4556-9ef8-59dd628446fb,59258,Duarte,MS
555ebaa6-18c3-42de-a2ff-4cb776912e38,f259ea6b-7a45-4614-9686-46ad66afb2ba,53526,Pinto das Pedras,MA
b8bbb67c-41e0-4372-a70a-6613f46308cb,f2d0c70b-9737-416c-a93b-5d769df3913f,30056,Moura,SP
1b71b4fe-7f3a-4214-8e85-9f0cadbe5f50,1ecd9516-9ce6-4aa7-af1b-1184e20caa5a,11553,da Mata,MT
7bb371a6-ba4a-4249-afbc-f4440cbb18c0,716ec294-2364-467e-8e9d-03c881bf5199,12800,Nascimento de Vieira,AP
19d24541-b664-4d92-b176-01645f822ec1,ebf1d61e-539f-4498-8761-38cce8ed04e2,52427,Correia da Serra,PR
2b480566-251d-44a6-a905-4ab3616f3082,489c349f-07d1-4326-a888-72b93cca5352,02324,Fogaça da Praia,PR
f1e075b0-a301-46cb-bb02-e9f7ea748930,bb1f71f5-658c-47af-a224-96c77ce8a73a,05719,Sousa,RR
17f94c66-c7fb-499a-9445-4417d5343179,cf01abf3-66de-4049-8aaa-5a55603eff2d,74653,da Conceição de das Neves,DF
724916f2-caaa-44c5-a626-89b475a52b38,78e915ae-9c21-4f71-8784-39af7fab4ff6,04799,Pires Grande,GO
d750da4d-a983-47da-8d89-85b531ba2c83,bd021773-f986-452d-93df-d7fd84681c19,88995,Araújo de Minas,CE
a41d261c-0728-45a1-899b-5bd12471a4a0,8893881a-808a-49ff-ae49-0ebf71af62f6,82001,da Costa,RO
a918cc8a-5155-4dcc-9745-ce1623c55e2e,dfcb96e0-4e90-4741-a62f-1eef1b942df6,86892,Barbosa,MA
58a96d4b-e28c-41c3-8132-c0c77fd2cb72,e75eba74-1810-4ec0-9bec-a464e2f8ae23,85373,Araújo,RR
b64300e5-1dc6-4ccf-a827-1d890a538197,9ceba346-b9a1-437b-953b-002625abd36f,31289,Costa do Amparo,SE
3a38b7a6-5a84-41d4-80f4-4b0316db4402,35df1251-88eb-4caa-8c00-b685a5a287a5,45042,Leão,PI
d0875b67-89c3-4cf2-bab0-910a090acf59,bc0a12fd-707d-40e5-85e3-50e758cf00e9,10977,Gomes,SP
ad0e4456-98a7-4312-a4ec-764831a5881e,866ce1cd-d4c0-4b95-8412-b782b4cb95fa,28299,Campos de Minas,AC
04629c71-8c95-49ec-9a42-218ae034f6a5,fea9c7c5-b856-4077-896b-0058aee59f6a,39936,Lima,MS
b982199a-5149-457d-93e6-9e22d8ccba12,4df84bc3-3033-4aff-b810-b0b070043bba,35303,Nogueira,RJ
4d2edbd0-2ccb-4020-8ff9-252c6f0d669d,b47d6df6-c96e-4174-96f6-d33a36ac4b58,06397,Moraes do Amparo,RS
d6c20871-22c0-4afb-91db-bfc6f919efd1,9d8768a8-3983-4651-97bb-6bcc5811d2db,86140,Ramos Paulista,RO
f061b5cb-e3a6-44f8-b470-a2b7b4f42938,9cc0cf7a-d24f-442a-9072-e45b16a51964,21294,Teixeira,MG
de497b74-4143-4596-b54c-be0d7f759451,91841e4d-3d1c-4c6a-8678-e1de101d453e,85127,da Mota,ES
58aea1f4-8eb4-4d3a-bc26-fdf7e7b7c18b,89448ecd-5b32-4eee-9a90-355656191903,16576,Fonseca das Flores,SP
b9bcae53-8504-462c-803e-3f9c2a5e81cd,67fa9781-490b-4440-8b9f-f83d3ddd664d,65278,Novais dos Dourados,ES
cb3c6f6b-857a-4717-9fe9-ecac2a50aab6,2df3a3d6-67ec-480c-8b30-741e1664b8e8,59209,da Costa,PB
0f378faf-6e7e-40bd-9ff9-842c8a219181,f48a1348-292f-421d-a6be-bcd2f4439707,20138,das Neves Alegre,PE
c3b2a24e-bae8-4844-ba92-6ac35cc9a0da,43e5c8d7-a182-4eb9-b2ec-93daa52bff0f,37138,da Luz,PI
25776418-9d2e-400d-9fff-c7dcb0f2f0d8,ebe82006-e7d8-4169-a269-a10ea0a94a36,92086,Leão Paulista,PE
c154325e-259b-4550-bc24-fabb9ba12fac,3e72fc5d-6efe-42b5-8f72-a2fb67231387,99145,Carvalho,PB
63c800c2-ba7d-4f20-84e7-4ff2750a6797,58e02299-f10f-42c6-9d3c-bbcd2308c80a,40150,Souza dos Dourados,RO
5f325013-2dbe-4fc5-a479-fc0417442565,3adcea26-22ce-4090-9482-0b8bf0372fb0,40826,Moura,SC
97be3d02-3f3f-493a-8380-a1b985eaf665,02e0816c-c53d-4a40-bc62-2b9642e94129,37583,Cassiano dos Dourados,CE
607134e0-3757-4a22-83ce-9597f9fbe41c,39289cc9-10d8-444b-b14a-dcf016b79e1c,29728,Caldeira de Moraes,RO
eef85fcb-ce6f-4a78-8ed4-c244f64ce367,8fba143e-d487-459a-8acd-1ebe881bafea,20936,Melo,PR
a5eacb32-bfed-4734-a25e-09c45065e771,d736191c-ea7b-48c7-824b-6ea098f00569,54053,Andrade das Flores,MT
d08f32b8-6737-4a5d-bfd7-b30e7267e803,7673b495-dee1-4d26-8bf9-0cca80a6e434,13820,Marques,MS
aa58d756-ef38-4f96-b273-bcfa05525a7a,17a3e29a-8b94-454b-93ae-e3116b0df0e8,66700,Monteiro da Prata,PA
4106a237-af02-4e7a-adc0-675b682a6acf,6946c65b-005c-400b-81ef-afb9381c8825,73893,Machado da Praia,SE
623e5746-9a10-4fee-a15d-e9fb6651d8fd,a1795df2-59ef-4c7e-bcb0-994ccf271cd6,32604,Ferreira,GO
b7f204ca-ddcf-49f9-a73a-2acbdeacd4c6,704db363-97a9-4fb2-863c-2bc54a841d59,48986,da Conceição,MT
0abbfbc5-01a9-4fae-a876-a187acbfec07,81b6b9c8-914b-4f90-abda-9bc59a6deb74,24866,Ribeiro do Norte,BA
90f594bf-3f41-4d0a-be83-261f6c6773d6,b4aceec3-62ef-4f9d-bd4d-f362c35f0b38,94277,Cunha do Amparo,GO
fd056d31-332e-48b1-8a8a-36e23a2af0d3,42db2791-d103-44d3-afc5-1dace92daecd,25470,Abreu Alegre,SP
9a2b399c-28ca-4f9c-b27c-0c397a4df68e,6ab970ca-5480-4927-aa31-4b383f2eae96,10286,Rios,GO
d0aa469c-534b-453a-8db7-376e9180f79a,0d211ecd-606a-4226-86c3-ab9f450a7a26,01158,da Luz do Galho,PA
41833b03-a947-4cb5-a1c7-656531f114d8,99119cf2-279b-44c5-ba43-a9fe4cd70b02,04017,Silva de Ribeiro,AL
e096d3df-6e4c-4eb5-8f4b-143c57c2304d,0a7ff043-4ffd-4a21-98c8-b50f1b05c189,98298,Freitas da Serra,PE
488ef5ad-ab57-4670-b5b9-a0916b0b3ddd,25981b20-aec6-4976-be00-920fe45df540,24250,Gonçalves,SE
7785a487-d27c-47f1-842c-2ab085cc6fd1,3e0b76bc-a140-4a40-a826-701f8eeff09c,31146,Sales,ES
3449d113-b200-4a54-bf70-a6910de7d401,6622b944-df2d-412f-9bb6-7f906aed3037,09198,Dias,CE
a410e197-5e27-47cc-836a-f7d0bc16ac45,83f5749c-b7c9-4b6d-a5a0-31275bb70a7a,52822,Silva do Oeste,GO
58381539-6549-465f-b645-4922ec667ecb,18f97bce-02bc-4d32-92bb-b646c9a3c4c9,06426,Porto das Flores,BA
a78bd73d-9f3e-40ab-bea5-f634d95b1e11,cc0ec6ad-58c5-4fce-82e7-508f574fbd41,02505,Rezende Grande,PE
e23113ef-4043-42c4-950b-464476a0bb04,e8731d51-9699-4735-8ed3-2387216eca26,51869,Duarte,SC
2639535a-13ef-434c-88ce-3ce818bbfa41,df132f03-0dbf-4b6d-8723-23bd54d06417,77087,Farias da Serra,RN
1d85461b-65c5-442e-a8b6-d9bd74f099a8,3eed508a-a0df-46a6-927c-e7656e6c961a,51357,Cunha,RO
f0835cbf-d7c8-4423-af7f-81cb0a958d20,16c1de4f-91d6-407a-b8b5-e0fa2537e476,85901,Sales,MA
275f964e-18f0-4cff-81d4-5b3678e5bb47,5d7d4cac-6dc9-4454-9729-b52bef580e90,55282,Moreira,PB
2b2e2b0d-db80-44c1-bf49-d373b06c5704,501cc330-4f24-4f99-8223-4d956b88092d,41378,Lima,AP
3ebd690e-f892-41eb-954f-faf924dc50eb,5339155a-2d15-43f2-8249-8b674f2d9927,20140,Costa,RR
e6b52734-bafa-469a-a944-6b8aaf8e04cc,deb59e78-b30d-44c0-b767-52ca290c9610,51907,Caldeira Alegre,AL
ca76ce4f-1a6c-4201-9cba-bbc58067b651,320d65f6-1206-4a93-866d-586c5c4e8f64,83030,Rezende,SE
d2649dd7-4f57-4ab1-a1a7-61dc5e8e28d3,d1f9fced-bec4-4190-8ed1-a6ff46c16aa2,04126,Barros da Prata,RN
aed90bb2-ea2b-430e-8792-68269dee8413,578c5ab4-b6ed-4fd4-a7b9-c6ab81fe23d3,21738,da Paz,MG
309ae99c-a492-4ef5-ad66-f29e80f971c2,ac02262b-0530-48f7-8ef1-db1ec709b70c,21771,Dias do Amparo,RS
d816ddc0-8842-4d48-943c-b9b375153a1d,4bd7cbf4-e22e-44cb-bc79-202c7fa16159,70309,Nascimento,DF
a0c39112-e5ac-42ff-b0c1-358828a5230f,32c91eab-c5b9-477a-a9bc-e52eb0bbc41d,44716,Melo dos Dourados,AL
87bc2256-ad4e-4c0a-a283-690e0b8cefe4,450dff94-dcb6-419c-b35a-ed2ad3cc066c,23811,Castro Paulista,DF
35a930f9-6b32-40f9-bf55-13809c90b6be,4367f4dd-4f21-4e52-949a-84d23b5186c7,73040,Novais,MG
15091e2f-608d-4294-9509-f5d99992c396,be8194d1-90d1-451d-b282-7892630e76a0,66718,Albuquerque,ES
24fb6153-6074-4b56-ba9f-8f79e23146e0,24160f13-3b62-4d29-a3b1-cad37dee526d,93667,Rodrigues,MG
05c850bd-59b0-4768-b724-8eb3df3a82b0,85540cf7-e26f-4451-a83b-d8be1f4d7ae6,83024,Lopes,CE
f12e4d4e-a0c1-4432-bd0a-134a7ee6fd9f,913084f9-1fa1-4b63-96a5-4b8b0fa44436,09406,Fonseca do Norte,RJ
50f3f746-526e-49d5-9c06-5515da691e2d,ecac5d4b-9384-44ab-9868-6467c7b3b442,48729,Montenegro da Mata,MA
87542ea4-f81b-47ce-a1b6-0e7508b47d29,c0285442-5d63-4434-8e4f-6e166a5d4c57,58549,Machado de Minas,PI
8bcc7a2a-327e-4910-8e80-2968d54087d4,a6f2df02-0efc-487f-85fe-24e98d90f9f8,34067,Cavalcante do Amparo,AM
324c8420-6f2e-4f48-b378-13431c13e039,b253373e-c15d-4e30-be78-34b65b18bb27,27637,da Cruz,PA
77d481e7-59f4-438b-afb3-000c91e51ccb,ae9dc4f8-3ea2-4c90-91ff-226d33a48c8d,23968,Machado,RS
f2132d7d-f1b5-4e3f-b083-c51e370bead6,18a9b079-b677-4b8f-947e-e4b528d12fc5,95838,Vieira,GO
c9dd0c71-b0b2-434e-877a-53bd13479166,d96beffa-b7b7-4409-8000-e5ba22e31f32,85934,Duarte de Minas,MS
c606c2ee-de0c-41ad-bb25-931edcebec8b,ab5c37ee-92b1-4174-9094-5d81c7586de8,83952,da Cunha,BA
7b9afe7f-1581-44e4-a005-0cc7f6fb50b6,6d18aed1-49ae-4b53-a32c-eab7d7f4a104,30712,Siqueira dos Dourados,PB
91a8a205-1d74-4565-a079-9d7b618fb56f,8521637c-4766-48ec-9633-c031b1c7a8ca,13500,Sousa do Galho,MS
08583a13-c648-4082-9d9d-6589c1a8a65c,fd052d42-460b-466c-b35c-a2045f90508d,13000,Sá,MS
959d80fc-9a11-432a-8eca-ac12ac7886f5,e4751414-8510-4204-9a56-7f41c1b07f83,98507,Nascimento,RN
2ef7255e-685d-4113-8f4e-48643ff76301,79bcd921-e3ab-48dd-aba1-3d1e935a81b2,70070,da Mata,PA
d1c6a092-1185-4ff4-8608-9368eec25671,aa495ec6-23f6-4e8d-a1b3-6a8415408888,10866,Costela Verde,ES
be3f2659-defe-426f-b9e7-c3c3e400fd50,49a33f56-b67a-4947-85cb-8c1736b00e64,17684,Ferreira da Praia,PB
daf6977a-a515-4150-ad93-36bb6abb85bb,308af668-44ac-443e-8b66-f1f0f4679f54,33381,Araújo,TO
8f7159a3-28f5-4a56-8dc9-608a709d0594,63fc7afd-1dae-4322-8f49-abde80cc606c,48578,Ferreira,AM
4bcc6010-3709-4e75-9288-ea71b6e188c7,efb905d7-1ee0-43a0-a35f-c3d2dbabeaa7,21715,Aparecida do Oeste,PE
64d11665-bb1c-499e-945a-907c7db7d5ca,f0fb719c-eb53-46ab-bdf2-e6860cc100f7,18655,Castro Paulista,RO
a61c0e0a-41b2-47ff-b7c6-a8e6a36b9d6e,e63462be-1ac6-44d3-a67c-0c38ba5eec8c,13445,Santos de Vasconcelos,PA
124fd270-8591-4554-959e-4f23276654dd,256ef8a5-7e51-4a18-8a83-610ee49cce07,62396,da Cunha da Mata,RS
ff191126-a64a-487c-b4ac-e353407615bc,344054d0-89be-4721-8677-8aa21150ffbe,71591,Pereira,TO
68661e6a-e02d-4945-bfb3-7b406b630bfa,01cc72d2-fa8f-4f97-9865-9cc838351739,24748,Farias de Minas,SC
344d2d88-6357-4049-8c60-886c20466dda,2c76c15a-4038-42c9-9c60-ee549c5e7fad,54917,Jesus do Norte,PI
334a87a9-2f2a-49a9-a3ef-acf2391a89d8,d73692f2-adf2-4fc9-93f9-a06c377dd62c,30168,Cunha,CE
119376d9-733e-465b-ac2c-e08711bf50b3,80878182-52b1-4f2a-8515-a4eb4acc4eba,42370,Novaes de Silveira,TO
d7c24da6-ace2-453d-8b71-a2466cd4d4c5,b99d641c-a709-42ff-aec7-f66cec89845b,67551,Sales do Amparo,BA
d0cd7ef9-8b9f-4191-8a42-036c190333a0,78780bb0-2b8f-46de-9be9-363e3623d546,88815,Araújo de Costela,MS
4f8ce7bc-3e97-441e-8600-df07028a88e6,4b968431-c933-4c7b-afa9-012ff102dca5,45188,Monteiro,PE
b8544f0b-e060-40ab-bda8-24dff0046d1d,9e6036ed-d0cd-489a-a55c-a38c505c4ffc,18225,das Neves,RR
380d172a-eba9-4a1e-acdc-c5157f011caf,28cd6148-ba63-4201-8c71-c8c0792dd8ad,08251,Porto,PR
6684e1cb-f080-4dbd-98ec-bbd31ad5b1ae,1387d5e1-2eaf-4699-9ce4-904e2a44ade5,13710,Farias de Sousa,MG
a68050b3-f5a7-421e-8094-bab15c31835b,a584e3ce-7d42-41fa-bdaf-79fc681b36a9,33901,Pastor,ES
bb726ccc-ae8c-43f1-8524-73f91dd94b36,ba9f858e-676e-47b9-9615-1a5b088aa73c,32056,Caldeira da Serra,SC
fe683590-d898-4c04-baca-3972f36aa5e0,772581f9-0b6a-4bf7-9908-77da04ac8b8b,12032,da Mata das Pedras,SC
d342795f-37bc-4cf5-94db-2c25b3f224ce,ce1db434-d75d-4347-91d6-6bb819679015,21938,Lopes da Prata,TO
f3abec84-9757-4f62-8b35-0e62ea3c8220,954402e1-d7cb-4512-a245-64b49c8261d9,13064,Pastor,AM
4369b44c-a153-46ce-a4c1-96680f77776d,6cc9dda1-0718-4ea2-94de-fa2c864aa92b,97244,Siqueira,CE
99b60f7b-908c-470e-84f0-fc9a518633f2,1086b86d-7e1d-442a-a2c6-b484472ed548,10125,Pacheco de Cardoso,SC
8c3c20ec-eca1-453f-9b03-790f868d131a,4551512d-da49-4178-8ac0-120b032c8d7e,38179,Martins Grande,PE
8af221cd-893c-43d2-986b-bfe5c2b4df33,87727014-ee3c-4fb9-87ab-6b3e13317175,50993,Silva Alegre,TO
9114a29a-5511-41b1-9bc8-b9f4c234034d,9b0a9900-7f20-436c-a288-8a6f2ead2699,19932,Aragão,PB
646d67cf-ff46-48a9-b94e-afe91627e4aa,fdc37556-01e0-476e-bc72-32e40522dfed,56380,Leão,SC
97eb431f-9d4c-4011-972f-5dc475b5b91b,a03e1dce-bb39-42e6-8cf0-0034723ea741,02109,Mendes,RJ
690bc3fd-d5ab-4857-9c22-d2a754c8a40c,7f0ad9e7-a41e-4d12-ba70-3379d616f68e,00230,Camargo do Norte,PA
ed53ef12-f7ad-496c-bb30-ca7e5c4295d8,50abf800-925c-44c8-95fa-fdef7c4cd133,69800,Rios,MT
1b198226-9169-487e-8c21-ba032f5994f3,ffe7d2cf-34d8-4835-9d26-768bfb371d9c,85588,Campos,MA
8c3eba01-e3ee-4190-9647-bdf082659e31,bf4c70da-2534-4ae4-b3bc-8e3ee3e62d11,77466,Fernandes Paulista,RJ
5d32ff7e-e953-48ad-b5b5-bf5bc8d935c5,f0ea7a51-ae3a-4056-a7e3-0ee2a83502d5,78758,Fernandes da Praia,AP
92183cc6-4aee-47c9-8c58-e57db5525e22,40d11c83-e726-4be6-999a-58a44baf6187,24946,Freitas,SE
083d6a75-0a93-4e8f-8868-ea40deb4c640,202c8f18-f91b-4c27-935f-02b3180bd9c3,58958,Nogueira de Freitas,PR
4b1eac23-67b5-4729-85b8-00f75c7e98a7,442997eb-b44d-48c4-9199-156f463e96a3,34656,Moraes do Oeste,RO
76ecc770-5074-4d49-9460-1ad4030a470f,aab79344-0974-4fc1-acdc-fd983a1cb64f,58927,da Paz,AC
d0090241-18bd-4e0a-b90b-f1d0cc211a41,473b10ce-4d28-45c1-98fb-2a134b4bb1d3,84341,Rodrigues,TO
0ee68cba-7309-428e-95cf-d6ee5eb43997,0d077bf8-21dd-4ab2-8289-617afd93d164,13635,Costela,RS
ecf6787b-26b4-45f5-931e-00434191ada8,a5a28ba9-4ae7-433c-9257-9aaf2afd6999,34099,Moraes do Norte,PR
1cddce07-72f9-4705-84e6-81c536c8b3a8,fc82ec33-a15b-46a4-9c37-806149aa6e01,19223,Gomes de Aparecida,PA
14acd518-9e20-4285-8a65-7dd5083f7d31,b85b3ede-8dc5-4152-87c1-0f04026de268,28309,da Rosa da Serra,RO
951057f2-6c40-4924-ad35-8bcc9959371c,954e8c62-1aaa-4415-a177-2b87a6f8f6ca,19101,da Costa Paulista,SC
9f1fc6f0-54e0-425a-8910-b67c365b4a17,983636b4-8062-4d47-8ba1-e1cd3b748c07,83652,Cavalcante,PI
8a368aff-7b88-4f70-8218-37b2c6777649,66b393a4-8c30-42e1-87fc-757d78e62edd,96285,Azevedo,AC
857df6a2-b41e-44ea-ab84-1c87842ab4f5,92a64679-d30b-40af-a86b-114ad81afec7,52188,Ramos do Norte,MS
b4590dd0-62f1-48ac-8c22-aeb5a644fb62,e3ad69e1-476b-4529-a958-da9b5893a002,61233,Macedo do Amparo,MG
90d29f8a-8783-4a11-823d-658d207cd123,3c126f17-bf00-46b5-a087-d28e41d03adf,86769,Sá do Oeste,RR
b9c0f181-4f31-4d6e-a69d-754b732bd167,e14c1508-f2b7-4dbf-8ba1-f9d51c8df54a,81329,Câmara,AP
9091805f-6f46-4dfc-b850-1ce4835a82eb,1aa1493e-5584-411d-91ca-760855cfb11c,63595,Cavalcante,PI
c1e3babd-d547-41de-b259-29930b8141c9,9f14e123-ef46-468f-8734-f15be76d7350,98095,Oliveira,SC
6940a2d9-5c99-425e-b815-8e1ebcd04653,fc2242c3-cf75-4d02-be8b-61733d147212,58385,Costela das Pedras,RJ
9b29a99b-ddb1-4530-b4e6-5ae6540d2b0e,b16374e6-3c27-41f3-bad5-fba523fa4dbb,46481,Dias de Vieira,RS
223c6de0-7190-4c1f-8bc5-453c2d41beec,4f06329f-598c-4602-a2b3-43278853d1a1,82722,Pinto da Mata,PB
a978a7b9-f26e-4c07-8856-8ca6d042c3a6,eedbb740-3842-4f26-ab2d-681b513b3899,52513,Pinto de Macedo,MG
f0ec702e-e567-4912-a220-ca95d09f6361,66f27f8a-02e1-40d2-92e5-439d845d6ecf,14978,Dias,AP
4ff491b2-c90e-4e64-9880-fa884e0b8925,79db2393-e891-4b23-9673-5964591997d0,59215,Ferreira,MS
f65a6282-e2af-4789-95dc-8c08c3416516,0e099e45-7a97-4a76-99bd-19d0ff12971a,09896,Fernandes Paulista,PA
c34e5063-a3f7-42bd-a32a-988fca812654,016b0f0f-b46c-45e4-ae92-66a1fe1ed006,00187,Macedo,MG
fc743de1-0126-496a-86d7-d530f7377351,ebb852e5-0be0-4ba4-b8fc-0dae7801a3d7,92303,Souza,SP
80b9e05f-6a53-441f-92ea-2578aa8d94c3,73ef8559-d7bc-4b8a-ab94-ded67381859f,42260,Pimenta Grande,DF
ca8167bc-bff6-4914-8329-143706388f6c,3bea3357-48aa-446c-8856-daf8989fa518,74631,Fonseca,CE
822266f2-c976-4d26-b39e-2876f4708b1a,ad0c87bc-1dfe-4231-b5c6-281b7a7c7faa,49682,Sampaio,MA
9fe94d63-ae83-41ae-b90b-5c8517ae96e7,79d89fc4-2447-4ad3-b633-35e251f1c488,32976,Camargo,MT
2cf9306b-a972-4382-a68b-16fc800ab5f0,8482648d-e6be-44bc-90a8-98532ecff8d5,56471,Carvalho da Praia,CE
16da960b-ef5d-4ecb-b718-422f564400f3,cd21bc7a-b6b5-471f-8a3c-ce43e7ad6f9b,40263,da Rocha,MG
fb0d5e20-1b4f-470c-a2c2-d42fd2fc0235,7ea400c8-0671-41c0-9bc9-9cbc9cd82e55,79612,Ferreira,RJ
f92297a5-0af5-4eb8-aa85-e1d011c1b6d1,bc0074d7-ea53-441e-91d1-b7d2b1e21f84,82374,Sampaio de Cassiano,AC
aa89de64-dc89-4474-b339-609fc6cb6d5b,fc5e7df5-09fc-44f0-b4ee-2a100ba87934,89380,Novais,RR
a12de800-ac54-44ed-b4c6-8ce488efc382,3870dd34-4d3a-433d-a5e7-34a523df9b08,35035,Brito,MG
aaffc633-3ef7-482f-8ddf-9a620e92616b,a10cd135-34e9-4fdb-ab73-f7a43159ac2c,64300,Farias de Almeida,MA
98a8a895-44ce-47be-9f48-97b072644aa1,3069e4a2-01e6-405f-8391-d3d18ffa426f,02025,da Cunha de da Mota,TO
bf2de861-7e14-4180-b7c9-85f9c1fe58f5,aa23f2f6-b44f-4c1c-a01b-31bf1e97a885,02650,Câmara das Pedras,SP
dcda01db-cda9-4107-a149-8948ef827e14,3b033441-1f4f-42ff-91ab-2d4e551d0fd0,77794,da Mata,PR
38d57ec8-719b-4064-928d-426d2f4ddcde,28617df3-33e3-4ed4-b581-e2873ed90228,69444,Novais de Minas,TO
7dbca922-3eae-4dd9-b336-bcfadf143427,65269583-0685-42a6-a141-b8e96b3a2f77,14331,da Mota,PE
011b4839-1893-4c31-b45c-eb224f103771,ae987a3a-7d9f-4fa8-a64a-91c2d6f76b22,47539,Cavalcanti das Pedras,ES
83e0be38-1647-4d96-b159-e7f89bfac94f,83afa8ab-75e9-4974-a4ba-40d3d8e9e96d,04012,Macedo de Sousa,MS
786ab8b0-ed9c-4bcb-bd12-aaabc947a2ef,13548b29-7079-45ce-b5e6-62629b4ad2b7,70780,Garcia,MA
5d8754ff-f76c-409b-b14b-c6978ac4b055,3a5ea782-32d8-4e4b-9c1d-30ed3719cfa7,86669,da Mota,TO
64c1d9e7-92e0-4d27-8120-bd38b5690ae6,f61fe67f-b198-464d-9a69-960c66ab220a,83823,Novais,TO
c8f92653-bde2-49fb-8f64-ccc26df3cb9e,e6c57d44-e849-4b9f-9b1d-e302fb082388,67234,Carvalho,RJ
85b99f17-6958-4f8d-ab4a-df38b313b10d,cefc6416-3c47-405f-8845-8439751855fd,49569,Fonseca Alegre,MG
33cee78a-0f53-43ce-9f3e-0969116d9d5f,0b9c4dbd-3341-471e-8789-070b8361ea35,37275,Cavalcanti,BA
7cf1dab3-bf17-436a-9861-8ea5a90770ea,1d260d28-7c62-40e1-b89c-549c0f92880a,02133,da Rocha,DF
e8694aa9-faa3-4209-9dc7-664a1a10e57e,09744cce-d1fa-4aab-a22f-38702a786f6c,10127,Sales,PB
c36029f2-7e6f-4b7a-886e-61f9671ed34b,ea7101fe-46ca-42cd-9a2f-7416e8811067,88234,Guerra de Andrade,DF
af6cc745-2882-4be8-83f8-d5a797335225,9eedf69d-2be3-4bb0-b10f-d305905e0958,37919,Barros de Siqueira,RO
5c43bf11-05eb-4c50-b18f-a77018740602,accb5556-f14f-45be-b347-9019e9e41ac3,04521,Cirino,SE
c27b52ab-b97a-41f8-bb4a-a03153fdf6bd,9e38e1fa-1ce2-453f-b04f-2388e3683eb6,11138,Lima,GO
b081d489-1af4-4d30-9b12-e4056d153363,1837b551-ddb7-41c4-b2cc-87c1377695d3,00284,da Cruz,PI
c662e2f4-db24-4a58-a216-d0ffa02f7f06,9ffe7f8a-04da-477d-9f1f-2dc45f53b263,64370,Mendonça,RO
a0b9447b-3935-46db-af2b-dc3d96e6b92c,4c8fceba-80b9-438f-8ae7-d4de28c1a4fc,10326,Silveira,AP
9dfea666-4325-4f26-92e0-a481b771dd4e,76110854-67e6-427f-89b3-516b0526027c,48625,Fogaça do Amparo,SP
dc6a5200-90f1-4b51-bb70-da0c06fa7b53,db7d96e8-c199-4cd1-a28c-7c6e6bf4f0f4,99853,Rezende de Minas,TO
123bb154-cd71-4827-a1fb-bd755d9f3230,96bc10fb-a71f-4950-a2e5-4ef35948b252,27283,Pires,PR
2e6b3b2f-6ca7-4cab-aaf1-017b10c1b27b,1878222a-739f-4257-8043-f3da1de2b543,78148,Pastor,RN
90cc29db-8cdb-443c-a791-f41e4f526124,cc12c2f2-d95d-473a-8794-227224bca678,11628,Porto de Pimenta,PA
5b6a37e7-15f0-4a8a-ae87-c8782924a4f4,3f9782b4-cac9-4f42-a3a0-4f11710a323d,93195,Pacheco de Brito,AC
d7a5641d-4cce-45f4-923b-2f4d89e1dc77,65415393-bbc1-4af7-983c-0bc2ff293f29,61324,Mendes do Sul,SP
4f3ddbcc-05c0-4129-8c87-5e4676f91cb4,9e1ac3c8-df46-4078-be01-3c3acfd7d752,32240,Macedo de Pastor,AL
a77a7828-ebeb-4c68-9497-37b2b9a23cc7,2eece9c2-1954-41fc-9dc9-5728f3739df1,96219,Azevedo,RN
10a542c7-473f-46f7-877c-a61f2eb10f0c,0f47e4cb-f60f-495c-adcf-f99903578676,69553,Nunes,RR
5f7b8771-8732-40e7-a270-53422340f35a,41800355-89b4-4f4b-9fff-e6c9a8cb2647,45477,Castro do Amparo,RS
2d079d88-0f14-4814-a8c2-c7c7b76d4df1,7051d808-2613-48f7-bf89-6987607b2503,28521,Leão,CE
17b72bcd-e2e1-444a-931d-60c50afcde72,ef28f79c-94e6-4003-a15b-4c0e06ec4e4f,69672,da Mota de Goiás,RS
2ae95315-402d-48e3-b2b3-4d1d297575a7,396501ab-0b21-4167-a685-a93a5089f883,13996,Campos de Minas,MT
85c6ea17-c3ed-42ec-a7a9-53632d9d66a4,c702c162-981c-4f23-8be3-a08a4838b4b4,42381,Siqueira,PB
975f1b3a-e21e-4d5b-bcb2-3c80b82e6371,d2aac6bf-e195-4221-8bc3-82f259753f2f,46658,Alves,RN
9d29daed-f6e9-4826-9a0d-89c87b7b66eb,e4dab317-b50c-4769-8c93-0af96bbe0509,48283,Caldeira,TO
1f6d90dc-81a5-47b1-9a60-c6f86a220db7,316b258f-b480-40c9-862b-2c738d6b25d9,11266,Borges,DF
97886649-0cfb-4292-a083-ae9744f886b1,a43dfd40-2588-444c-9ae0-835ab682ea16,14621,Machado,ES
a2cd03b7-b05f-4bcf-8417-f99dbe81a518,832ad049-2d2a-452c-98b5-7a9a79e26c37,72734,da Cunha,TO
b8030e99-99c3-4a94-a7a9-d42c97f2b462,3e7a2d0c-2be4-451d-9796-5a8212791bc2,47942,Casa Grande,PI
65e75747-12cd-4f22-af74-cbd182a532a6,d9b7f39e-a9ee-4cc2-a4b6-f3ad6ad39b7d,09243,Almeida das Flores,AC
ba65f117-53e9-4640-9571-e7c28d286102,9d0c6b9c-502e-4852-a316-35a4f1d8058f,67523,Cassiano de Souza,MS
d02dae37-c59b-45b1-b720-0653d940829f,331685ed-2022-4c3d-b2bd-1fe98db951a3,57888,Barros,MT
dbe00d02-9461-4129-a99c-2b16beb8d4fa,9ba554bd-6169-440e-b5da-57f39f2fa647,18441,Peixoto,SE
b6d5c19a-c678-406a-b523-ede6763511d7,1384e700-3238-4554-9673-f8faa0bcd757,08264,Fogaça da Mata,PB
108fd68c-5ee6-4cb8-ab1f-60e76f495e95,a7804f7e-0ed0-4f94-9a0e-34f90b3d9b51,08921,Garcia,RR
44a889ea-e334-4c92-add8-20e1e14a1957,2ec9e801-cb19-432e-bf4e-98d11eaf2fdf,19140,Ferreira de Goiás,BA
b2537848-4e2c-4809-ad7c-545f51aab3c4,eb14eaa1-72a9-452b-b1bf-10f823160218,88275,Pereira,MG
cc2c76fe-d8d0-4f08-8ded-28f5f736ff36,ce931f44-f07e-436c-b82c-64230129466d,27315,Fogaça da Praia,MS
5547129a-c506-4cd6-a7ab-7d46a56e407b,95865c7e-51d0-49e4-a4a2-e17c5d163b8b,11815,Moura do Oeste,CE
9aa3d274-8d2b-4ac9-b72d-6272147377a2,8ff9d1df-4eaa-47bd-9c5f-43442a761967,60611,Almeida,MS
7b411ffe-ee2d-4371-b573-e8a94e117f7c,77123f5a-e6f1-4ae3-a774-0a67da4a9318,85288,da Mata dos Dourados,PA
8b75438c-d4e1-4d1e-bd3d-919e2f01fab8,7e9035c3-1bb3-4d00-bd51-4f4c663e71f9,95089,da Rosa,ES
166c1a5d-496f-473c-903a-f4d45b4182d6,6873b9ff-da08-42bc-9408-776e25e04883,76583,Pinto,PR
d04325a0-150f-4682-a6ff-bf13f170c268,056262be-b929-436f-a05d-12371fef4622,44451,Silveira Paulista,RJ
7c525014-43cb-49a4-baef-013b81b4ed6c,1e3f17c1-1302-4350-9d57-cf5e3e5d677e,46818,Jesus,DF
3709e10e-05ca-456b-be17-750e1aa492f6,1e1adcdf-cd83-4557-978b-3a0ba29a0591,30128,da Paz,AL
f4e3fefe-15c3-47c9-9d75-d351a848f523,4819d81b-701a-4628-9047-37b15c6a7a53,59463,Ribeiro,AP
3913e57a-711f-45a5-ac06-f620083469c6,d17ab81c-dada-40cf-b8b4-7ad79b7efa70,50810,Monteiro da Praia,TO
2ed60b8e-b78d-41ab-bee4-731bf09803b8,d311f79f-2422-47c1-aba0-5d3c67763a0d,43744,Sampaio,RR
53132ecb-f0a9-4131-a41c-46951e499c6f,cb38d9ee-89c1-4d12-b712-f515d085384a,01535,Nunes,TO
55e79ef5-00a4-42ea-a09e-3464329a544a,875ae9cf-6489-45fa-9c7f-c7e65a0244c7,73833,Melo de Pacheco,PB
5b802671-5dec-4d00-a523-3ab9906ccbc5,95216b4b-05f9-4176-a455-717cc13e952c,91181,Viana,PB
2b81fa71-ca32-4e7a-bb74-727d3301a097,e55e6808-4538-446e-9746-4e19f5ae3635,25920,Gonçalves,RO
82ffcdb3-8cb1-4eb8-9df2-b67f0680ec6f,16c7c4f0-0871-4f5a-a467-e7b4c5cd8f39,70868,Freitas das Pedras,ES
ff34b289-035c-4475-ba5b-a3c7cdaafc65,b706a6ea-b330-4590-a02e-97fe09817fb7,13487,Santos,CE
1663cf13-0e63-446e-aefc-d29516b9877b,5928946a-5acb-406f-8c2b-dbc4eb5d30fb,95024,Mendes dos Dourados,AM
432ca15a-0d99-4495-bbf8-9c2c9073c5a4,95678ab2-4a26-4577-a196-2030cd433ee1,00365,Rezende Verde,MS
1d6437a0-73b8-4dad-ba48-8505130b4d11,9946cdcc-d105-4951-b8be-5234ece73b58,84415,Montenegro do Oeste,BA
eba649c1-4445-4e11-9a41-ec9779778033,935e1e9e-07e6-489b-8480-5aaa1eb96994,93461,Pacheco de da Rosa,SC
4d2f7518-6d5f-444b-ba9b-226d260b19b0,d2d4ea2d-f71e-4a34-8afd-1331b092f284,49705,Sampaio Paulista,MA
9629fc32-4b7a-4ae5-a4de-07e653fc94df,405d397e-15f6-4925-8dbf-50f0cf75cf39,14530,Cirino,AL
e540979d-46e2-42db-877d-3a2e6961b0eb,c62e2542-8390-4bc5-8ab5-b32c12fc66f2,01193,Sales Alegre,MA
fc2c9fec-121d-4dd7-a62a-0ad890c5206d,c0d19855-e139-428d-ab30-d5109f07fcf4,67607,Aparecida,SP
c57c673a-be55-4d8d-a0fe-20eb5ca85b19,c1d38087-456c-43b1-a1b7-c41c93ca7019,53790,Cavalcante,PB
82bbbfa0-b49e-48c5-857f-736cdeaa1f07,eed58013-cd3d-4901-9e1e-64d92f1f0339,81589,Fogaça,RO
ea713253-a6a3-419f-8628-ef4c381a4f09,18b36151-f08b-4f4a-9247-ece59056ffd2,15367,Sousa da Praia,SP
7f572edc-70ee-4224-8164-d7678d3f9b4c,82353298-63b4-4034-9fa7-1da738443420,01748,Rezende,PB
2189e2d1-ebd8-4700-acbe-c2515467ed11,d96b4983-1589-4e65-ba59-5c45ecbf225e,17767,Leão das Flores,RR
a49fd0ca-6bab-4e9d-b78e-6363ad0b7366,99fe943e-66ee-448f-a351-da1811534190,48706,Santos,MG
4b404bde-5f4b-4bc8-999c-60c0e734370f,a339b316-ce1e-45cb-b823-31b549fd5c5c,45127,Barbosa do Sul,RJ
0c27eca9-4202-4cf3-8227-5b5edbc06a64,0e2cef44-2226-422b-b04f-944612965f38,74105,Correia de da Rosa,PR
874bcda7-dd69-4556-aeda-fc3d59105045,70883f9e-8798-48ea-876b-6974f8ebda50,62524,Araújo,BA
cc3a69c6-2ee3-4133-95f0-23c8177a2052,dc506a6b-7276-45fc-80bc-d8f69e2b3b53,64180,Costa do Amparo,PB
a96dd523-fd6f-485f-bc39-602591fcf75b,114eb48e-944d-42f8-9e4b-5d049ffda4e7,81748,Araújo das Flores,RN
1fcb0361-1fb7-4f3f-8da3-fece28215b28,79c7031d-7022-4a24-9cb6-49e0d221a082,23318,Mendonça,MS
a854ebbf-836b-4906-b6f7-9938d4afa847,1c3205f9-821c-4e43-81f1-807dd26f0657,05559,Freitas,TO
22095f39-ebe1-4e27-80dd-7087c5437c61,db0061b2-1c6d-4aa5-8aac-dcb6d8090c6f,82972,Peixoto,RJ
cc38c1d1-0a12-48cd-9914-2ed58ce2aa34,db1480c0-1e73-43b2-9eea-6698cdbe1185,48271,Fogaça,SE
9ba71e7a-f78a-4a23-bdb3-f57c5477f967,44512ee8-994e-4579-aad2-8bee12933ac4,63453,Monteiro,PA
e85ac81a-c747-456e-a49f-a3cf48885387,22007def-198e-4803-afe6-fcab17429312,80550,Costa da Mata,AL
b2e2b902-3bf4-4715-97cd-04fa6d22510b,7a49c135-41d3-487b-8840-eb061c8bee12,85005,Pastor,GO
a727b4ac-5212-4929-8b91-fb0272a1ab74,c295a7c1-eea7-4972-99cd-0137da61c5f9,84282,Barbosa,RO
97e6acae-a05e-4bf7-b7ef-fa400a75b120,a920a969-416b-4eac-9789-957ed6106235,44912,Martins de Borges,DF
1520e523-d08c-4107-a3bc-ce1f194652c8,487af4fc-0f54-4a39-b9c4-9b2b294d1fd6,56228,Pires da Mata,RJ
8d1ec1ba-5e2d-47c1-9007-6561061942c3,912682de-2759-4fe7-9498-a024de89a8ac,42300,Rodrigues,PB
185ed059-b2e0-4835-94c4-25172994d399,9f076682-c36f-4742-91b7-adb94b9d8e98,11340,Costa,TO
35041ab0-35fe-4764-aa2a-930e9a680ce4,29e0c410-d611-41ec-a8cb-aa07bffde6b8,30158,Moreira de Gonçalves,SE
c826ca45-f5ad-40d9-8204-0e4aa2d5e550,1a0ffd0f-0033-43ab-b189-ab7e8d56b309,79078,Santos do Campo,MA
f21aa3dc-1d1e-4c36-8046-9c97c857d46d,71e3df1e-1a91-4562-a4a2-2ff44728ea04,60016,Gonçalves do Campo,RJ
805781ee-f931-45d3-9b51-de282a2d5f88,8e0628d3-6a9c-4f91-80b5-31c3970a4348,30169,da Mata,MG
e834740e-0c53-4abd-a162-1aebbf319ffc,d22fbe30-6cdf-4187-b3b8-c952dadfcf8d,21738,da Cruz,MT
ce21282a-f705-4b54-9dc3-d24bd93ad4ac,07deffdc-3f95-4948-b0df-daef128b7132,58955,Silveira,SP
e9f11125-84f2-4474-bdfa-8276816d84c9,45225a61-b5a7-44cf-a591-4a225e38531c,39033,Moraes,AL
eeaacdee-e2e9-498b-a3dc-98eb0000d124,1325aa0b-c4ea-48d7-9e37-f51a2b78f917,37810,Fernandes da Serra,MG
351dfb82-9a84-42ca-81cb-3f38859cf43b,c2c0aba7-d77e-445f-8623-2607d3cd012a,46415,Duarte,SP
d3b21d01-ae0e-45ec-9bf1-9c7dbcda5c63,eabff14f-ac2e-4e8f-b143-2918073cc7a4,44546,Moura do Norte,DF
5a5b4677-e1ff-4751-801a-9b84ae0e88ba,c575b06a-1560-40b9-9171-e0bece83591d,77502,Pacheco de Viana,DF
e91b26ea-ce2e-43d8-996c-e514f3955f4c,3dfced89-2005-4775-910f-d6436e809064,49539,Jesus,CE
eff4197d-f70d-463b-887d-bffa571e57c8,2a51d7e2-bf08-4c35-b469-208f7c01386d,96082,Peixoto,TO
3cde7c0c-17a1-4da7-b1d5-7d59f97cdc20,105d7eca-b493-4c8e-924b-8e1c9c3ee199,38770,Gomes,SC
1ac15a6b-375f-4328-a703-a821d96d0ddd,39ec5ebf-5c3a-473b-892b-7dcb05e5505b,62606,Pimenta das Pedras,AC
a068bd2a-374a-4538-b734-27cd59eed020,c4b5ebdc-f0fe-474e-bef8-ffdd19a0fa3a,65802,Dias,PI
c2f38011-c1e8-4687-9758-e2863f29af29,a3dfcacf-43ef-4d01-84cf-a559187f0e33,98397,Almeida,ES
4dd1a9e6-39ea-4ea8-8350-eb6c595e1fc5,1f98f5d0-8ed1-4c3b-bd76-20ca43e5d8a6,81768,Cirino,MA
61511716-05e5-4816-bc2f-1800e65534d6,f02a19aa-af41-4637-a108-7ebebca42d9f,49232,Mendes de Rezende,TO
4f04259b-94c1-4653-80c0-8406616243e9,2e1ec3c2-5f21-4441-bd66-6d6beebe5b9b,62921,Silveira,AP
6c3d9e6b-0ea5-48df-8f82-c78347799214,15e5313f-da04-417a-967e-4d1686acbf85,61167,Pimenta,SE
d5ff2f2d-b984-4126-add5-de399c4fba21,490ebbb7-5ae4-4a4a-864c-5511b8c6b0c6,95429,Andrade do Amparo,PI
986efbbc-ae67-4208-a8f4-99f38c430aa4,a24a5204-956b-4586-b24b-c41f8c614e87,61820,Barros,CE
cfc467ea-82df-46c0-a44b-3f887b6a8c1e,9ca63a18-ed3d-4adc-9f48-fa7619dee2fb,16306,Nunes,RJ
dbf09b65-167e-473f-94a8-9e481888a7ef,96202800-fe55-4ed0-9535-0a02ef0d399a,54969,Vargas de Barbosa,AM
69b36062-ac5e-4ac3-be53-3abf50903a7f,470a0a8e-e11d-4df9-89cb-d3d47b2be108,81336,Ferreira de Brito,ES
c204f9a6-b51e-4c05-82f5-9b676f65d43b,bc38c638-f4d0-46cf-8a21-7f8b5117743f,42495,Fogaça,CE
996e00b8-7653-499c-a92c-0c98469ae21b,407ce7ef-3c8e-4deb-a746-56df5809f4f5,55183,Novaes do Galho,PR
0b2d2c58-138b-40eb-8313-5edc4deb9c4b,1c122bf3-5623-44c9-913f-4a0f0add238e,98078,Pereira,AL
bb15e8b3-2e0f-47af-93d2-2d371c80ace9,c3235b87-d277-45c9-a7e6-5dc39408e8c9,04651,Costa da Praia,RO
9e7e42b3-c1b0-4cd8-b675-588d5c360ccb,7f8fb3f7-b67b-47b7-a95e-9dffbe7a3c59,58846,Novais de Minas,RS
bae1ac6f-9be0-495f-9443-7d943437d078,1116193a-a301-4042-8f28-3e5286ed8ba2,58378,Guerra de Freitas,CE
a69f3dd8-7633-4d33-808e-9a5b4e9258e4,f1e23924-0c5d-4dd8-a78d-8a866cd5847d,08986,Moura da Serra,RS
cee209b6-6821-40c4-80cc-f3f87f4e94dd,ad25e32c-694b-46fd-adee-e6525f032c48,17014,Costa,GO
f7cee0c5-d63e-42b9-b41b-0216228e6e5d,fca986b5-55ae-4081-b777-6fa1dda39709,38666,Pastor de Pereira,CE
a31146bb-465d-4e78-bbfc-2338d840ca46,7ba0cdea-a1f5-4f1a-b189-7cc375ec6664,19388,Montenegro Grande,BA
aea29c02-6fa6-4eeb-a020-bc497f1b9103,15da3fe5-2319-4114-b2cf-3081ad39512f,85101,Costela,PB
05bd6068-c82f-445e-8904-941b404b23ec,a23165d4-4217-455d-a3f6-daddbee1c36e,09243,Sousa,AP
02b9c8b9-02ac-44c7-bd8b-1df8575651a1,613882f1-9c48-4d6e-bb6d-2213fefdb85f,73321,Leão de Câmara,RS
75ece103-8ce2-4476-9c65-1b37ff96d168,18ca4669-5036-4494-9e27-d663d1cfb9f1,65034,Campos,RR
3e2d6ccd-91ee-4a5f-8b94-344615b6f5d3,53907f48-c72c-4801-9131-0f9c9f873713,26695,da Mata,GO
b1dfd8ce-9d23-49ca-87fc-8609fd74ccd7,d87f0644-4fcb-4e3e-b3a9-f6536e6b5017,59324,da Cunha,AM
a8e298c4-a54c-440f-b175-8730d102a1be,dc8da619-c297-4637-a034-988fd486631e,36346,Nascimento do Amparo,AM
3b592420-1aff-4e43-b36b-dcc0355154f8,e480dc72-605b-4e36-a8bc-797347625b9f,84074,Mendonça,PE
5fe0103b-368c-4b59-930f-99d85855b8fd,fdc79a48-c0fe-4511-a963-007300f93d71,09030,Siqueira de Minas,AC
dec7a480-2369-4e53-a325-39c1518ca783,6e526edf-fc77-4ed1-a3b1-5af11f6840e6,08539,da Costa,SP
14628384-c59f-4f4c-87ca-f18de83bb5de,8b09edc9-8f8d-4755-bfac-ad24af8f8419,73202,Souza da Serra,MS
90f4d909-95f8-4610-adee-9138a90c0ac5,9c83f6ec-206b-4881-ab7b-37aebfb884e0,08215,Nascimento,MA
14b95a1d-1665-419e-8ce1-96db1cfc02bc,f4219971-9aac-4eb8-8943-19867edaebe1,59553,da Cruz,PI
41d35308-22cc-4706-8b71-e05c8eaaea1d,0e4e9f85-11d3-4ec8-aa58-1ecdf78c6b0e,68759,Sampaio,PE
ca964805-5695-4ce4-adb3-b98e57edd98f,fc59aed7-e861-4cb7-9870-60fd8f95af8a,66349,Ramos,RJ
96b54e43-b18b-4b4d-9b0c-35b4bee0187d,0bcd1566-d214-4fe0-990e-fd1b0d9fc9c4,91059,Silveira,TO
c2d36a76-af89-4bae-ba41-38aee3e6baed,0f68a85d-a649-48bb-9bd7-72f4b9267850,64838,Rezende,PR
278c859a-e96b-4e4c-9000-afada733c7f5,15a2bebc-ee6a-4d38-bf18-1344849c7355,29488,Silveira Paulista,AL
7494bb35-31be-45d7-9072-47b62a6c32ff,231ee02a-fb85-4d55-8350-3e78f3e9e7b9,71096,Melo,SE
a3db5bcc-6249-4080-af3d-b9c072ad46c3,ab7f5cf4-2d59-4901-9a5e-0547254ca74c,23246,Alves,PR
6d3836bd-a3ca-48f0-83de-746e8f96a861,e0d889bd-4645-4eda-b865-f65584176619,12589,Pimenta,GO
e9283d0a-c6aa-41ea-ad6c-97c78aa3dbac,ba7c0788-8f8d-4da1-9611-9a4d9061f687,49041,Montenegro do Sul,AL
d57fb50f-5813-492d-91b3-7261b34b9b0b,d1c52a92-1c06-4247-8e0e-598d48210760,09396,Teixeira de Peixoto,PE
614fbf2b-6db3-4ad7-9b59-f3407bdfb727,29a38cfa-5d34-423f-b581-a7dcfecc17a6,34519,Campos,AC
738900a3-a309-4479-b8e7-47ff84a6e27e,5c89fc40-0abb-4057-bb01-f47578d3a366,31555,Dias,SP
4f92a1e6-c1f0-486d-8c7e-0fa0f3a73e2a,8d4eba76-30d9-4085-ba2f-7c8580e5ab6e,83918,Martins,PA
584184e6-285b-49b5-804c-0a82fc09e291,3c309838-5fdd-46e1-884c-2145d743a05e,18779,da Paz,DF
cce9aa98-4cef-4209-9d5d-b9e949960aab,33db6e41-512c-4b72-85fd-5c36d5ff5636,04734,Guerra,SP
d10a2fc7-811e-43f3-bf41-9d2e9d3ce494,88d81339-7329-40c8-925a-c6e48dabea76,24909,Borges,BA
43608468-7992-4705-aff3-91b3a18907b0,7fe94042-673d-4216-945d-980d21cadc90,35051,Fernandes dos Dourados,CE
0cf6bdbe-3969-4fa7-a15e-0336645682bf,42ba2c7d-ab8c-48f1-93d2-65bacbb1289a,28785,Alves,ES
2a0b5900-3295-4120-9e32-dd9911012561,a7c5e4d6-3daf-4b26-a386-fc62deb6e8fc,22354,Montenegro de Silva,PB
1f5d5533-ceb9-4794-9e10-79156a7f1a74,7d878d80-47e3-4a6b-ac44-9315682e6675,71808,Sousa de Lima,RN
3dbc03d8-a6bb-46a8-b68a-54ff41691fc3,13f40fc0-cedc-41f4-ab39-a16cda4cd89a,57364,Castro,SC
62438a40-e108-45ce-a343-fb15c73b5b39,419cf3af-4fd8-45e5-b43a-441cbeea76a3,01648,Correia,PI
aa1cb8ce-311c-4754-98ee-93b0ca9612a2,82a5aba6-da02-44e0-9b41-a33278905ce5,45645,Barbosa,SE
51c945a8-e3e2-4314-b1ff-238a4541292e,32ef0d96-a594-41fb-b519-28952a2a6339,60159,Nascimento do Norte,ES
1530f601-ee1f-4be7-97b5-d6a9fcf33cae,96245856-e246-4efe-a6ee-55743ad34de2,30038,Correia,PI
a1275209-375e-4f25-876f-5aac2f12aac3,c30180ff-2da1-4dee-9581-5e1a650c45db,48382,Teixeira,SE
c4a63491-7a71-49ac-9e19-7f9dafedbb06,7321f3e9-5379-4b03-993f-e7ccc7972563,45332,Costa,AC
de256d8a-61b1-4fe6-aa47-b33f79175c86,2ba69e15-f7c5-447e-b63a-9f30676ad8b4,92446,Nogueira da Prata,SP
dc830655-7da3-4ba8-806e-48460be8f545,fb2a3003-9374-47fd-b551-60937c5c458c,03000,Sá,PA
327605e2-6237-41fc-8fba-61783b2d0007,9d95c448-2512-4dec-aaaa-bf4400ce0d3d,25330,Silveira,CE
1e12f627-97fd-4be9-b2c9-cc1c658d350b,0fbdb4ec-de94-4920-83fe-bc9ed0489d32,03387,Albuquerque Grande,RJ
218b272b-8971-4428-8156-cb2c369be7ea,0642d81d-c1f3-4d34-accf-20a8508c775d,01928,Brito,AM
9033c543-b6b4-46d2-b145-1921e45f6faf,6ac85171-09fb-424e-a536-5146261170fa,64158,Caldeira do Galho,MT
4510dd4f-f5b4-4326-9d17-fb24a168e862,8b51580c-c446-4b44-8033-1b7ea3e3a067,09913,Cavalcante Alegre,SP
77a40959-ff46-4577-9109-dfd46fe5444d,b3a19047-fa22-4732-acef-2d0842916f8c,20522,Lopes do Galho,SE
ce324e4c-90ee-46d5-84ea-5eb0ca8bc755,c064db32-8dab-4853-8905-9c86924a7f95,72027,da Rocha de Minas,BA
d3a14247-0a45-45b2-88ae-0aac3c9751a6,9cb62899-be04-4f4c-a493-d9cd86b1da8b,88830,Aparecida de Minas,PA
de55a4df-814b-43b0-89d3-e96bb5dceeb7,97efe6ad-1d78-4d1a-9203-9ecad08b70c6,37949,Novais de Pinto,PI
ce25cd63-eb5d-4957-80c3-08447b88fd65,75c2d63b-56c5-4031-a65b-ad4695050c13,19730,Duarte do Oeste,AM
4fe29355-fff8-49c7-be30-e5715646b16f,6bf17e6c-4331-4a7e-9d16-aeb0830ca93a,65245,Brito,AP
55d9e820-104c-4a4d-9bdb-731d26165c21,e0def803-1e76-4829-8cbe-4ff1a404655b,43816,Oliveira,BA
4f21b013-f112-4142-aea8-f976c175a65d,bb5e6311-203c-4e6c-ac52-40d4bce070a8,51298,da Mota,SP
026b18ad-3244-4db1-a0e4-4141e7e51500,b78f2268-6838-4423-9ef0-bcfe9b44461b,17046,Cavalcante,PI
e385e349-0eec-4dc7-bc52-ced353a3a442,766323ad-8ab1-4e71-8a59-7f1cb1d15218,96919,Oliveira de Costa,GO
0dffc2a8-9894-4d65-ad9d-6d7fee34c0d1,8e8eb3a4-9487-4770-8248-65f894f6f0a7,12594,Pinto do Campo,AM
ca4c2df0-d675-4a70-9514-2d2fa8fd0d00,4e7a712c-46e5-42ff-8067-3f223685565a,05898,Peixoto do Oeste,CE
10f803ed-dc00-4c4f-967c-361c04913739,3113eaff-684e-4490-b750-be09b503829a,68859,da Cruz Alegre,BA
14e7b128-2a38-4245-b706-7915c4c05ecd,c6e35c4b-ae7b-49ea-90c5-81ed7820b0d2,04712,Borges,MT
2a4f5e3c-f5e3-4851-8dee-7ad0255e4137,3ddff8fa-a30a-472e-af47-1ad64695e3f3,13922,Fogaça do Campo,SC
21f6a3fb-6286-4f1a-ac98-cf3d9323d124,c6fdd371-22ba-48d0-b905-e37e79f49555,52390,Lima de Ramos,SP
8eb7b83b-9ada-47ee-bbf6-0a96e694475d,856c1a01-a830-45b5-bdab-c7e7d8e7b812,18396,Abreu,RO
2ba523a5-e85a-4989-81db-18946c5debca,c3e5001b-8133-4329-945e-6f31f93aa400,25019,Aparecida,RO
a93a9171-fdcc-4714-a96a-7e1949bca9f0,5c8ce2a5-65dc-4f11-80a3-45cd1e078970,01018,Ribeiro de Macedo,SP
554f0dc4-226a-432f-af39-9d9310b3f5a5,8a7fed7d-6ff4-4fb1-8622-c612fb6075dc,80758,Oliveira de Garcia,PR
c7fe53cc-54ef-4179-98f3-777c940254e3,980f8a6c-0356-41cc-bfb8-bb8113a7d0da,17173,Sampaio de da Cruz,PB
c9dde7da-e878-45b2-ac6c-443132b6adfe,7945adaa-d73f-4171-8050-f85da4a042cc,62819,Cassiano do Galho,PA
c18cec87-8ea9-4110-9dff-2f2efa04fdf4,720f1ff3-a394-49f3-8466-18a3977dc301,81184,Vieira,BA
27288e2f-f570-4090-914f-f22ee626ff97,41197c22-a1b2-4063-8255-b521efe832b7,94129,Fonseca,RS
559140c1-04c2-4a33-8ee2-d127dd65d318,3f805e60-ad33-4dd3-8072-00a5e2dc22cf,45560,Sousa,PE
49744df5-bdca-43ca-8cd3-85100c5eab3f,142d3409-d6d7-4976-864d-7e9869b28c8e,52001,Mendes,SE
a6cfc77f-fbf6-48a9-92f4-fffe75ac5f94,88bd8e49-54de-4a71-be65-6f9716f8653b,81320,Alves,RO
44cfe891-8238-4b6b-8601-f3c97e243301,164bc473-aaeb-404f-849c-2805c940993e,06706,Carvalho de da Luz,MS
b421e941-a276-4538-ad34-2abf907f396d,0fe6dcde-f7ee-42e4-bf71-cf5b6ad05d85,49705,Leão,GO
cc0ee454-2ebc-4f03-b762-19b00c20909d,802cd768-2893-4ac9-88d0-6b7d939a9b88,36389,Câmara Alegre,CE
a94cdbd5-51ac-468f-80b0-28c931219f59,78c30b60-b09f-4911-9d29-5c07f0280691,15391,Viana,MA
29bf0cde-1c3d-408c-ad1b-9f3d7c23ab2c,ed23930a-b0f8-4fa4-8d1c-f3376fc38fd4,02312,Teixeira,ES
4a69125d-eca1-46a2-9a2b-52ccd85cf964,2e05326e-592f-41a8-96f5-19aa043d3719,15966,Lopes de Andrade,SE
8bd60870-2cf6-4864-aaab-af3fef00a16b,9ee8f1e0-6ad3-4da2-8c1b-629e37a96533,09072,Rios do Norte,PE
570585a2-8a36-4e21-bb9a-01e471a98dee,7657847c-3ea7-4c41-a4b7-2296aae0549d,51282,Vasconcelos de da Paz,PE
0881abe6-105e-4ce0-8678-c2235baca4f2,c5323e84-5fcf-46a4-8d12-9447b86b5d63,97157,Nunes,GO
88629faf-2267-46a5-a010-52950f23b065,f41c4dab-9bec-4b1c-ba30-5d76caebd1e5,38829,Pinto Paulista,SE
30ed7efa-a0df-42d0-a6e4-745fce99a19a,fe01c093-b0b6-4716-9fef-144e965b5261,48351,Viana,SC
9f9d8ced-6c30-456d-b0d4-9b27a76386af,9128e132-add6-49d7-b685-381e15e04908,85995,Sá Paulista,PA
a5418dec-c5a2-473c-a766-da710d1cdc2f,f2caaf92-ff69-4d4b-8acd-5bd117b834be,89246,Dias de da Rosa,RR
6e6b3bd0-8ec1-4633-b161-2877a61f0e5e,76ab4fba-0246-44f8-a045-915c28dec818,65273,da Mota de Goiás,RR
a7a83d99-5728-4a24-8ab7-f00220f85ef3,6fdbad37-dbdd-45f4-adb9-56409177b3aa,27155,Campos,AP
00f9ac19-0aee-4650-9b96-6789ef1efc31,2e188ee4-ff1c-4e41-9772-e045cc89857e,53603,Cavalcanti de Peixoto,GO
02fd277e-a8ef-4cd1-9e25-1535c4f7fc55,5a58bfa9-8ed5-4e56-a394-dbdc0091146e,86382,Marques de Oliveira,PA
2cb3856e-aa74-44c9-af82-160101d452f6,d9fba19c-4cf9-4c5f-885d-aa6e244e9342,70188,Barbosa,PA
389adadb-8369-4d98-a17f-a5d476ffe2ac,7fa3f02b-0aad-4f44-acf6-e68e0f162b43,25454,Pastor de Cardoso,CE
b3b4747f-cdf6-4613-a639-da8786558170,2d0052eb-4c6a-491a-93b6-2211ac39f296,63193,Ramos de da Mata,RR
96d803f1-2712-4719-9c12-35b267996a5a,371df3a0-8370-43ae-a0f3-78ce21cb9b49,51001,Nunes,MG
ae8b438c-1730-42bf-8177-238c61e2bcda,033118c2-dc75-4948-ac96-282c6a8e73d7,63816,Mendes de Lopes,TO
b9d7d556-020e-4010-81fb-625aa2731b66,363be324-daae-49e2-adc9-5fe2fe211f5c,73858,Souza de da Cruz,AL
bfb551cf-05a3-4b34-86af-badedb9e8d70,b1c11deb-1438-4f07-a45d-4bb3672ac3cf,56929,Macedo de da Cunha,AM
e9978197-8e7e-4137-b5b7-eacecb1daa88,b29fbc3d-1de5-4eea-a4f7-f99babbde8d1,71996,da Costa,AC
87360b1a-375a-4ee3-88db-c96ff45b3ff3,29642ee3-336b-410a-b70d-2b3a732ebefe,64267,Câmara do Oeste,AM
6585f600-48f8-4628-a1d0-d5e5bb3e3d50,729d8a3f-5123-45ac-83c2-b4b9c6f82fb4,29832,Rocha,MS
e01c2a14-faf1-418f-9119-8bee734176d3,6fdb483c-b156-42d5-966b-ea169632fabf,30002,Silva de da Cunha,SE
1257e661-0d52-49dc-8f48-1550ff4e357a,4a2f7672-057d-45ad-a149-96e03a2b08f3,62482,Gomes,DF
6ca6921a-253a-4427-9668-9e98e1caeaaf,8f53f802-c771-4540-96ff-c3e923b36bc0,02473,Campos,MG
697ccc8a-6868-4d44-b00a-9ac6c53e0c4f,46781259-173a-4ed7-b94b-97ac40c3c741,91237,Cirino,AC
63bce61d-1103-4a58-bcf8-599e429f4b24,50c77d11-ad17-4d20-a096-f04c5bb69279,52691,Vieira Paulista,AP
2c0885cc-4692-4d6e-aae5-8c0284bfac19,6439ec8e-83dc-4d14-8dd8-4ce9444ac625,26347,Andrade,PA
9094a5ad-70f5-4071-b279-988a8f4779a0,560db620-3f08-45da-ad02-57d877773fd3,44330,da Cruz,SP
6ce4c58a-e663-4d0b-a8e9-1c704a002dfd,ece55a58-8476-4017-bf65-2c47b723079a,75301,Cunha,CE
8f95e745-819e-4cdf-afcc-a03f5a34f37d,8221313d-3c03-4c00-aed7-512522a77a55,46656,Lima da Prata,PI
53ff6346-ff98-480a-bc40-8bf5652dafa6,9d38c113-d4b6-4640-b8db-c02d64125228,45021,Dias,RO
a97e1063-aaa8-42c1-bae0-8c02ed87ccb2,dd218023-0a30-45ad-8f9e-effb5c0dcff8,31185,da Mata de Almeida,SC
713f8853-53e3-4e03-9c58-725e91e3184f,c5f7a09c-0cbb-47e2-b282-dfcffec7f249,53114,Pereira da Praia,PA
a11184d9-c451-44c9-89d1-75141c896889,340b4d9f-75f3-49b3-a7b7-edeefef24e0a,77287,Nascimento do Norte,DF
c4095d8c-a7d2-49d9-8f8e-199f3186b903,1c236d0d-3ac1-4a65-b3b5-b28ba564bce5,74987,Nascimento,PI
64cf2744-9e3e-4c79-b450-d34129018b97,a2c3cde5-ef51-41ea-890f-085db523125b,69576,Aparecida de Goiás,MG
675d5b4f-3d72-4f50-8fb2-09b91d81fdc9,7fbd9741-5331-4eb6-b9dc-92019cdbd43c,68743,Abreu,ES
dcd31a1a-8134-4a95-a838-a729e175bd4d,98ae009f-dcbb-485c-a34f-da900f1fcd11,78828,Borges de Goiás,BA
35b5b0bc-9667-41b6-a868-be7527cf8e06,a52c597c-1635-4be8-884e-fc9164379fa4,99013,Moraes,PA
9603442a-e4d0-4fd9-b872-011566d57797,de99fa4a-4113-45c5-bfc6-b92c1e2b38cf,74190,Dias do Galho,CE
044677fb-2728-4c6c-b6aa-45a754d38c1c,87291d4b-9d07-4697-aec7-fe8a7ce70750,04849,Carvalho,MS
d613a5d8-b077-4f7c-83ef-3b097e1ecf3f,a18566f0-9e93-4fca-a755-0acbb88883c7,82505,Rezende,AM
edb0c587-a738-4e49-b2c6-607df957d322,e20dfa25-0ae6-438d-a7a7-c36d0dd13c37,51856,Porto,PI
478f690d-e85d-4935-9b82-794e6862925f,b6cb681a-1718-47b6-b250-4641ecce0703,96138,Costela Verde,SC
dd71f314-03d7-4790-9c7a-f94dda4d01d7,aa497ce8-d9b0-4d9d-960e-d81711ebd3cc,49745,Montenegro do Campo,BA
0923388f-2649-4770-b34c-522899d74439,ef596823-4b0d-4a40-9032-6dee7ebb0af4,40933,Ferreira,SP
c065a6b1-6a90-40b1-a32f-8005e8f79666,a99cb625-1988-4a29-8175-98c12e5602ae,29428,Cardoso de Farias,GO
440ebdc7-76f7-4f20-8f35-e35bb55bdc22,40cbd1b0-3735-439b-bcae-1c31e4c13578,32124,Aparecida de Macedo,MG
f9711e3c-f8a6-4fa0-859f-ea9b1b9b2d59,caf02722-c08a-418c-ab6a-feeff774dab6,69626,Cunha do Norte,CE
ee7015f5-819b-4e17-be12-6fef7548516c,49530f56-1d25-45b2-ad31-7af57af5b569,78320,Freitas Paulista,RN
0cdae208-17bf-4893-8187-26e17bcefbec,52b6aa62-a299-433a-a25e-160ae34c160e,62495,Andrade do Galho,AC
73d3733c-3c16-4409-a164-cac4e802d314,e44c5ac9-2dfa-4f1c-af97-76c43af80a05,79784,Pacheco,AL
1a7aeab6-aa4a-44e3-9b39-1d2c6195b96d,4260a0da-b79e-4d78-8aa2-1ae5b5b0cb7c,80873,Guerra,ES
105fcb10-ffb1-49a7-95fb-f5959173bf0b,371b0d44-4c5b-4be9-a20a-91be142826cb,47532,da Costa da Mata,RN
aaac1873-790a-436d-a14f-cb1b6d1c56ea,ead9f313-0392-4780-a99b-3366cacec877,68171,Caldeira,RR
c25dc6d5-b678-40e7-a968-544b6c6c82a9,eab0ca90-2a6d-4c6d-afba-231295b933d3,12190,Montenegro,GO
21457b58-272c-4d92-8f3a-3fd417280fe2,aefbdd41-7f45-4dfd-8113-d7d1d10786f6,85104,Lopes dos Dourados,PR
0f0b92c1-f2c6-4f29-9d9a-06aacacc3791,6e97d7bd-fe46-48a8-8d5e-a8bdc386870f,35958,Souza,RJ
68fb8cf8-d331-4bc8-8de7-e1c2c6931693,3cc271cb-22e2-45a2-94aa-4160fa318d12,95552,Moreira da Praia,SP
cbe92db0-b963-43b8-ac19-9f7598fdc221,a613f864-4773-454b-a1c0-75fa24e47b91,74833,Casa Grande Verde,RN
ab39f208-cd54-4c9d-a299-b03f552cc2c2,e57e1699-a1f3-418d-9937-5899f76e5f97,54866,Martins Paulista,SP
1ceb3228-7686-472f-aeac-8509b8e193cc,a269022a-8a6e-4c7f-8859-3aa4650f43c5,20158,Cavalcanti do Campo,TO
03372d78-5cdd-423d-8436-d60bb0145e99,bb5e1343-68e9-483a-a8ce-9a92be621e20,00594,Nascimento de Minas,ES
ed68acd4-1499-4660-a862-dbb797070518,58cdfa0b-4293-4121-9365-50d0b2dd9613,58921,Nogueira das Pedras,AL
68268323-6966-4955-a534-ebb5a83d687d,f48c14fa-98d8-45e7-9a05-9b8babe28025,53013,Ramos da Praia,PA
a38aa364-7db0-48f0-a92a-9bd4de81ecf9,cc8fdd5c-db27-423b-8170-1980c1f31e1c,48420,Cirino,MA
bfc74147-5fbb-4b43-89ba-ff6bbfc218e7,ad624122-66a3-4111-adbc-e1410f175517,34051,Novais,SC
89c814f5-79e7-424e-b972-f72ff652dcc0,09395dad-3759-4c17-820f-f688e8b3b9ff,41231,Vasconcelos de Caldeira,TO
5dc57694-ada9-4f9f-9fbe-f22fd863b661,76831ff6-d728-4b90-a40d-f6996b178d45,51437,Vieira de Minas,TO
32c61f07-9898-4688-863e-46718bff4723,fd0b13d0-6566-4ea6-84cc-464a3014ff15,81824,Novaes,AP
111d6117-a657-4d32-8404-0432c0a37eb3,40bf4381-2e82-4510-be6f-cb57a3bdc695,61332,Santos da Prata,CE
8c386af6-bedf-4cfc-88a2-f4b21dab5a29,ae3a22a3-0c9b-4b49-b0c9-509a5f466bc2,02119,Siqueira,TO
893ceba1-4dec-44a9-b93f-b7d42b297ac9,c1a8d979-84b9-42d7-8f97-45ea255835c5,11284,Almeida Grande,RS
39cc7d66-b352-4989-8ce3-0af9fc06b980,f11dbe1c-f50f-464b-9109-7ea6db8ae70a,24193,Fogaça,ES
a5fffb77-e334-4527-965e-3fd168909ccf,20dd8b9c-efb2-4e2e-b87b-f5da2e5b1224,20674,da Paz,PI
