order_id,customer_id,order_status,order_purchase_timestamp,order_approved_at,order_delivered_carrier_date,order_delivered_customer_date,order_estimated_delivery_date,distance_distribution_center,item_price,item_count
ORD-1000,35a74ac9-44fb-4f81-ab35-a691a08fbb31,delivered,2024-12-09 10:52:05,2024-12-09 15:43:05,2024-12-10,2024-12-19 10:52:05,2024-12-18 10:52:05,320.79,268.27,2
ORD-1001,142a7b39-253e-49af-ba45-4df6d6375156,delivered,2025-07-30 21:22:15,2025-07-30 23:41:15,2025-08-01,2025-08-05 21:22:15,2025-08-04 21:22:15,113.3,360.65,4
ORD-1002,0bfe2dff-9162-4205-a464-aa885903e55b,delivered,2025-11-13 21:16:21,2025-11-13 23:12:21,2025-11-15,2025-12-06 21:16:21,2025-11-26 21:16:21,120.87,658.9,5
ORD-1003,e9917621-b26c-4155-9767-45c55f52ad65,delivered,2025-01-13 13:18:40,2025-01-13 17:25:40,2025-01-16,2025-02-02 13:18:40,2025-01-27 13:18:40,434.2,124.92,3
ORD-1004,03570977-0551-44b2-bddd-6ab9d92da164,delivered,2025-06-24 21:02:23,2025-06-24 22:48:23,2025-06-25,2025-07-07 21:02:23,2025-07-08 21:02:23,12.66,449.94,3
ORD-1005,0ae013bc-1ee5-48bf-b48a-9acebaf5fb66,delivered,2025-06-26 00:09:50,2025-06-26 01:09:50,2025-06-29,2025-07-19 00:09:50,2025-07-10 00:09:50,149.94,411.35,2
ORD-1006,71a673a0-16fe-44b7-b1f1-37fc6bfec14b,delivered,2025-11-24 11:12:11,2025-11-24 14:04:11,2025-11-25,2025-12-07 11:12:11,2025-12-04 11:12:11,140.25,974.09,4
ORD-1007,0caa51d8-32c5-4489-8f79-1509448491f9,delivered,2025-09-28 01:59:22,2025-09-28 05:17:22,2025-09-29,2025-10-06 01:59:22,2025-10-05 01:59:22,55.33,993.67,4
ORD-1008,2f7be303-bfe3-477c-969d-f92654a32fbc,delivered,2025-05-24 11:43:53,2025-05-24 15:42:53,2025-05-26,2025-06-08 11:43:53,2025-05-31 11:43:53,194.63,190.87,3
ORD-1009,0a8709eb-9cfb-45ca-974b-8640a627a963,delivered,2024-11-08 21:24:19,2024-11-08 23:45:19,2024-11-11,2024-11-24 21:24:19,2024-11-20 21:24:19,13.6,387.99,2
ORD-1010,14d9a6d3-5f10-4283-b627-25e643595318,delivered,2025-07-10 02:37:59,2025-07-10 05:23:59,2025-07-13,2025-07-18 02:37:59,2025-07-17 02:37:59,435.46,835.6,2
ORD-1011,d617677d-3943-49d9-807d-846053b9eca3,delivered,2024-06-09 08:01:40,2024-06-09 10:51:40,2024-06-11,2024-06-23 08:01:40,2024-06-19 08:01:40,274.34,163.4,5
ORD-1012,f2a01289-4bc6-4a37-96d3-231359e32451,delivered,2024-08-10 07:06:42,2024-08-10 10:07:42,2024-08-11,2024-08-20 07:06:42,2024-08-18 07:06:42,395.62,535.32,5
ORD-1013,e0ae35a0-6a29-4963-a3bf-317075945eb0,delivered,2024-07-07 11:11:24,2024-07-07 12:47:24,2024-07-09,2024-07-27 11:11:24,2024-07-21 11:11:24,98.61,240.6,4
ORD-1014,cd0bb00c-4ca2-4cef-8352-8661dd8e93b6,delivered,2024-05-22 23:05:14,2024-05-23 01:17:14,2024-05-24,2024-06-07 23:05:14,2024-05-30 23:05:14,173.13,142.5,4
ORD-1015,2a84eaeb-2eb8-4b1a-8016-b1d79b91639d,delivered,2024-12-05 11:33:38,2024-12-05 12:46:38,2024-12-08,2024-12-28 11:33:38,2024-12-19 11:33:38,408.98,776.78,4
ORD-1016,5a2d8f7c-4ca4-4270-a9c2-3b129645f12c,delivered,2024-04-05 13:03:20,2024-04-05 16:03:20,2024-04-08,2024-04-16 13:03:20,2024-04-19 13:03:20,272.8,785.67,4
ORD-1017,8c9e8631-182f-4606-940b-c60b2e99e16c,delivered,2025-07-10 12:12:39,2025-07-10 12:47:39,2025-07-13,2025-07-20 12:12:39,2025-07-24 12:12:39,288.36,52.89,3
ORD-1018,b604ed5d-edd7-4848-a47b-9d6a6214c819,delivered,2025-06-26 05:49:24,2025-06-26 06:19:24,2025-06-29,2025-06-30 05:49:24,2025-07-01 05:49:24,373.61,988.38,5
ORD-1019,fec465d9-e249-4fe3-a893-cda060d4fc5f,delivered,2025-10-04 09:37:55,2025-10-04 12:12:55,2025-10-06,2025-10-22 09:37:55,2025-10-19 09:37:55,433.18,973.17,4
ORD-1020,62f7ee0c-12c3-4468-ac0b-964774f5724c,delivered,2024-10-14 06:08:43,2024-10-14 07:38:43,2024-10-17,2024-10-18 06:08:43,2024-10-23 06:08:43,445.96,306.76,4
ORD-1021,daed63e0-3c2c-4e85-b6ae-3d5c80fc4ee8,delivered,2025-10-18 23:49:01,2025-10-19 02:25:01,2025-10-20,2025-10-24 23:49:01,2025-10-24 23:49:01,196.37,185.29,4
ORD-1022,d3cdd8f0-f868-4476-893a-7cd3e67a24e3,delivered,2025-01-07 15:25:48,2025-01-07 18:48:48,2025-01-09,2025-01-19 15:25:48,2025-01-19 15:25:48,481.0,910.83,5
ORD-1023,6ef81b56-eaf6-4420-b520-680e45e1b392,delivered,2024-08-11 00:05:11,2024-08-11 04:13:11,2024-08-14,2024-08-25 00:05:11,2024-08-21 00:05:11,300.63,454.14,2
ORD-1024,9245ab0d-6ef7-4ff6-8bb7-f8bec310cc94,delivered,2024-10-25 13:27:30,2024-10-25 15:22:30,2024-10-27,2024-10-27 13:27:30,2024-10-30 13:27:30,369.5,202.35,3
ORD-1025,dd749cac-ab89-4b1b-adcb-b98455f842bd,delivered,2024-12-02 14:57:12,2024-12-02 18:32:12,2024-12-03,2024-12-15 14:57:12,2024-12-17 14:57:12,13.02,727.29,2
ORD-1026,0f4f680c-cca8-4f89-b9a4-0804222ecdda,delivered,2025-04-28 11:45:48,2025-04-28 13:55:48,2025-04-29,2025-05-04 11:45:48,2025-05-07 11:45:48,311.44,481.8,2
ORD-1027,abfcd9ac-c402-4020-b952-0334357e9877,delivered,2025-04-08 16:08:25,2025-04-08 19:34:25,2025-04-11,2025-04-20 16:08:25,2025-04-18 16:08:25,477.93,865.08,3
ORD-1028,3e7fc881-399c-45e5-b753-e97a93bf859c,delivered,2025-10-21 07:10:56,2025-10-21 09:16:56,2025-10-22,2025-11-09 07:10:56,2025-11-01 07:10:56,410.27,61.19,4
ORD-1029,00ec50d8-6b94-40ea-a99c-2904724a00ea,delivered,2026-02-07 20:17:08,2026-02-07 22:58:08,2026-02-10,2026-02-24 20:17:08,2026-02-15 20:17:08,227.52,958.65,1
ORD-1030,2af6ffa7-b59e-4a91-97e3-e8472099c999,delivered,2025-04-22 03:11:40,2025-04-22 07:14:40,2025-04-24,2025-05-11 03:11:40,2025-05-03 03:11:40,152.19,847.23,2
ORD-1031,c4bbfedc-fe0c-4ce5-925e-bffb9d212855,delivered,2024-09-12 17:36:16,2024-09-12 19:30:16,2024-09-14,2024-10-04 17:36:16,2024-09-26 17:36:16,251.46,714.22,3
ORD-1032,82a56e90-bccf-4e68-ae74-4c50555cd4ae,delivered,2025-05-20 15:34:01,2025-05-20 19:03:01,2025-05-23,2025-05-29 15:34:01,2025-06-03 15:34:01,118.31,737.24,1
ORD-1033,58e9b5e2-969e-41c9-b01b-23c25d27fa2b,delivered,2025-05-12 01:25:05,2025-05-12 02:14:05,2025-05-15,2025-05-22 01:25:05,2025-05-21 01:25:05,154.03,170.56,2
ORD-1034,212f3c26-7731-438e-8233-e716d516bece,delivered,2025-07-07 05:36:10,2025-07-07 08:07:10,2025-07-08,2025-07-14 05:36:10,2025-07-19 05:36:10,209.58,529.9,1
ORD-1035,28c6c625-02ee-4920-9beb-66558c957866,delivered,2024-07-10 12:21:23,2024-07-10 13:29:23,2024-07-13,2024-07-30 12:21:23,2024-07-22 12:21:23,334.27,358.2,5
ORD-1036,d8cff127-f048-462e-a587-af20d9b4dbf2,delivered,2024-08-20 12:34:22,2024-08-20 15:04:22,2024-08-22,2024-08-25 12:34:22,2024-08-27 12:34:22,83.55,103.21,5
ORD-1037,67638cc7-bb0d-46e2-ac32-6dd68f0a92c3,delivered,2024-11-12 07:23:07,2024-11-12 09:05:07,2024-11-15,2024-11-20 07:23:07,2024-11-19 07:23:07,310.48,76.25,3
ORD-1038,5ba98263-b9f3-4286-b811-816123ecfe00,delivered,2024-05-31 13:35:55,2024-05-31 13:48:55,2024-06-03,2024-06-04 13:35:55,2024-06-08 13:35:55,477.18,915.97,3
ORD-1039,bd211ba8-3b36-45b2-9757-78d21c35f194,delivered,2024-07-18 23:43:27,2024-07-19 03:51:27,2024-07-19,2024-07-23 23:43:27,2024-07-23 23:43:27,63.66,204.82,5
ORD-1040,9804a22d-8feb-4802-86b2-73299beedb8a,delivered,2024-09-10 02:11:38,2024-09-10 02:59:38,2024-09-11,2024-09-23 02:11:38,2024-09-20 02:11:38,179.2,105.1,2
ORD-1041,e54e0448-c0f5-4c9a-9097-4579ccdba462,delivered,2026-01-11 02:26:10,2026-01-11 04:11:10,2026-01-12,2026-01-21 02:26:10,2026-01-21 02:26:10,170.04,580.78,3
ORD-1042,27f5e0a1-3e0e-491a-ab17-90f21414a1ab,delivered,2025-10-16 20:26:23,2025-10-16 22:44:23,2025-10-17,2025-10-20 20:26:23,2025-10-23 20:26:23,308.64,981.84,2
ORD-1043,f232af84-d108-4be9-be54-044a93436206,delivered,2024-05-05 05:15:01,2024-05-05 07:37:01,2024-05-08,2024-05-17 05:15:01,2024-05-10 05:15:01,23.05,180.1,2
ORD-1044,d8d1cb0c-c5fc-4676-b169-5926bda85603,delivered,2025-08-15 17:56:47,2025-08-15 18:52:47,2025-08-17,2025-08-29 17:56:47,2025-08-22 17:56:47,184.29,573.67,1
ORD-1045,e728046a-ba17-4193-b014-098278014dc5,delivered,2024-04-14 21:47:51,2024-04-15 00:48:51,2024-04-17,2024-04-29 21:47:51,2024-04-21 21:47:51,37.57,221.61,1
ORD-1046,748906fe-43ff-4a3e-b62f-87ee75d4eaf7,delivered,2025-11-08 22:12:52,2025-11-09 02:49:52,2025-11-10,2025-11-21 22:12:52,2025-11-14 22:12:52,17.93,530.82,1
ORD-1047,6c655117-0340-4167-899a-8ac167ba464e,delivered,2025-07-12 08:10:58,2025-07-12 09:08:58,2025-07-15,2025-07-31 08:10:58,2025-07-24 08:10:58,289.42,227.1,1
ORD-1048,555ebaa6-18c3-42de-a2ff-4cb776912e38,delivered,2025-10-31 05:26:55,2025-10-31 06:20:55,2025-11-01,2025-11-14 05:26:55,2025-11-07 05:26:55,453.19,688.07,2
ORD-1049,b8bbb67c-41e0-4372-a70a-6613f46308cb,delivered,2025-06-18 13:16:04,2025-06-18 14:32:04,2025-06-20,2025-07-04 13:16:04,2025-06-24 13:16:04,415.14,262.22,3
ORD-1050,1b71b4fe-7f3a-4214-8e85-9f0cadbe5f50,delivered,2024-12-17 04:40:55,2024-12-17 06:47:55,2024-12-18,2025-01-08 04:40:55,2024-12-31 04:40:55,449.48,47.46,3
ORD-1051,7bb371a6-ba4a-4249-afbc-f4440cbb18c0,delivered,2024-12-22 15:42:10,2024-12-22 20:40:10,2024-12-23,2025-01-04 15:42:10,2025-01-04 15:42:10,404.57,460.19,1
ORD-1052,19d24541-b664-4d92-b176-01645f822ec1,delivered,2025-01-08 14:36:17,2025-01-08 17:56:17,2025-01-11,2025-01-09 14:36:17,2025-01-14 14:36:17,459.72,256.5,2
ORD-1053,2b480566-251d-44a6-a905-4ab3616f3082,delivered,2025-12-23 06:34:42,2025-12-23 10:20:42,2025-12-25,2026-01-02 06:34:42,2025-12-31 06:34:42,356.39,192.86,2
ORD-1054,f1e075b0-a301-46cb-bb02-e9f7ea748930,delivered,2024-06-15 12:35:01,2024-06-15 13:15:01,2024-06-18,2024-06-20 12:35:01,2024-06-21 12:35:01,144.49,591.74,3
ORD-1055,17f94c66-c7fb-499a-9445-4417d5343179,delivered,2024-03-09 13:18:27,2024-03-09 15:19:27,2024-03-10,2024-03-21 13:18:27,2024-03-15 13:18:27,172.06,182.93,4
ORD-1056,724916f2-caaa-44c5-a626-89b475a52b38,delivered,2024-11-17 11:40:16,2024-11-17 15:29:16,2024-11-20,2024-12-01 11:40:16,2024-11-24 11:40:16,303.5,909.25,4
ORD-1057,d750da4d-a983-47da-8d89-85b531ba2c83,delivered,2024-11-17 01:09:50,2024-11-17 03:55:50,2024-11-19,2024-11-18 01:09:50,2024-11-22 01:09:50,492.59,989.77,5
ORD-1058,a41d261c-0728-45a1-899b-5bd12471a4a0,delivered,2024-11-25 01:04:12,2024-11-25 04:02:12,2024-11-27,2024-12-09 01:04:12,2024-11-30 01:04:12,315.56,162.91,2
ORD-1059,a918cc8a-5155-4dcc-9745-ce1623c55e2e,delivered,2024-04-07 08:01:22,2024-04-07 11:32:22,2024-04-09,2024-04-21 08:01:22,2024-04-14 08:01:22,48.27,487.56,2
ORD-1060,58a96d4b-e28c-41c3-8132-c0c77fd2cb72,delivered,2025-02-28 02:58:02,2025-02-28 07:43:02,2025-03-01,2025-03-07 02:58:02,2025-03-08 02:58:02,293.53,974.44,2
ORD-1061,b64300e5-1dc6-4ccf-a827-1d890a538197,delivered,2025-03-26 00:14:41,2025-03-26 04:20:41,2025-03-29,2025-03-31 00:14:41,2025-04-05 00:14:41,100.61,51.73,3
ORD-1062,3a38b7a6-5a84-41d4-80f4-4b0316db4402,delivered,2025-12-22 04:08:20,2025-12-22 06:49:20,2025-12-24,2026-01-02 04:08:20,2025-12-30 04:08:20,385.72,804.16,1
ORD-1063,d0875b67-89c3-4cf2-bab0-910a090acf59,delivered,2024-06-12 06:15:53,2024-06-12 10:29:53,2024-06-13,2024-06-26 06:15:53,2024-06-22 06:15:53,355.44,32.75,1
ORD-1064,ad0e4456-98a7-4312-a4ec-764831a5881e,delivered,2025-07-21 15:33:29,2025-07-21 15:49:29,2025-07-22,2025-07-30 15:33:29,2025-07-27 15:33:29,203.13,875.32,4
ORD-1065,04629c71-8c95-49ec-9a42-218ae034f6a5,delivered,2025-03-12 07:39:16,2025-03-12 08:34:16,2025-03-13,2025-04-04 07:39:16,2025-03-25 07:39:16,497.88,445.4,3
ORD-1066,b982199a-5149-457d-93e6-9e22d8ccba12,delivered,2025-12-30 15:07:32,2025-12-30 16:54:32,2026-01-02,2026-01-07 15:07:32,2026-01-10 15:07:32,291.01,233.44,1
ORD-1067,4d2edbd0-2ccb-4020-8ff9-252c6f0d669d,delivered,2025-01-06 22:19:06,2025-01-07 01:23:06,2025-01-07,2025-01-22 22:19:06,2025-01-14 22:19:06,208.61,639.43,3
ORD-1068,d6c20871-22c0-4afb-91db-bfc6f919efd1,delivered,2024-08-20 02:24:52,2024-08-20 07:08:52,2024-08-22,2024-09-05 02:24:52,2024-09-04 02:24:52,49.2,608.08,2
ORD-1069,f061b5cb-e3a6-44f8-b470-a2b7b4f42938,delivered,2025-06-30 04:28:18,2025-06-30 08:05:18,2025-07-03,2025-07-10 04:28:18,2025-07-12 04:28:18,370.0,383.37,3
ORD-1070,de497b74-4143-4596-b54c-be0d7f759451,delivered,2025-05-29 12:13:12,2025-05-29 15:08:12,2025-05-31,2025-06-13 12:13:12,2025-06-12 12:13:12,356.04,443.09,3
ORD-1071,58aea1f4-8eb4-4d3a-bc26-fdf7e7b7c18b,delivered,2024-07-11 11:22:54,2024-07-11 15:02:54,2024-07-13,2024-07-28 11:22:54,2024-07-20 11:22:54,375.83,538.39,2
ORD-1072,b9bcae53-8504-462c-803e-3f9c2a5e81cd,delivered,2025-05-31 23:16:30,2025-06-01 02:43:30,2025-06-02,2025-06-10 23:16:30,2025-06-09 23:16:30,124.0,100.86,1
ORD-1073,cb3c6f6b-857a-4717-9fe9-ecac2a50aab6,delivered,2024-07-07 20:01:09,2024-07-07 20:13:09,2024-07-10,2024-07-13 20:01:09,2024-07-13 20:01:09,242.84,745.14,5
ORD-1074,0f378faf-6e7e-40bd-9ff9-842c8a219181,delivered,2025-05-12 04:06:08,2025-05-12 08:39:08,2025-05-13,2025-06-02 04:06:08,2025-05-24 04:06:08,203.98,975.94,4
ORD-1075,c3b2a24e-bae8-4844-ba92-6ac35cc9a0da,delivered,2025-06-07 10:27:03,2025-06-07 10:54:03,2025-06-08,2025-06-17 10:27:03,2025-06-21 10:27:03,302.57,71.42,3
ORD-1076,25776418-9d2e-400d-9fff-c7dcb0f2f0d8,delivered,2025-06-08 16:35:03,2025-06-08 17:03:03,2025-06-10,2025-06-22 16:35:03,2025-06-17 16:35:03,460.52,207.96,3
ORD-1077,c154325e-259b-4550-bc24-fabb9ba12fac,delivered,2024-04-05 14:11:08,2024-04-05 17:11:08,2024-04-08,2024-04-10 14:11:08,2024-04-11 14:11:08,387.64,153.43,1
ORD-1078,63c800c2-ba7d-4f20-84e7-4ff2750a6797,delivered,2025-04-02 01:43:55,2025-04-02 05:02:55,2025-04-03,2025-04-13 01:43:55,2025-04-14 01:43:55,318.8,834.41,2
ORD-1079,5f325013-2dbe-4fc5-a479-fc0417442565,delivered,2024-10-29 21:57:58,2024-10-29 22:50:58,2024-10-30,2024-11-13 21:57:58,2024-11-03 21:57:58,195.3,438.51,1
ORD-1080,97be3d02-3f3f-493a-8380-a1b985eaf665,delivered,2025-03-25 01:57:29,2025-03-25 05:35:29,2025-03-27,2025-03-31 01:57:29,2025-03-30 01:57:29,71.16,358.55,5
ORD-1081,607134e0-3757-4a22-83ce-9597f9fbe41c,delivered,2025-09-03 21:05:21,2025-09-04 01:06:21,2025-09-06,2025-09-07 21:05:21,2025-09-12 21:05:21,274.7,51.76,1
ORD-1082,eef85fcb-ce6f-4a78-8ed4-c244f64ce367,delivered,2024-03-20 01:13:50,2024-03-20 01:53:50,2024-03-23,2024-03-29 01:13:50,2024-03-28 01:13:50,313.02,28.44,2
ORD-1083,a5eacb32-bfed-4734-a25e-09c45065e771,delivered,2025-03-29 04:43:41,2025-03-29 05:44:41,2025-03-30,2025-04-18 04:43:41,2025-04-12 04:43:41,307.7,71.13,3
ORD-1084,d08f32b8-6737-4a5d-bfd7-b30e7267e803,delivered,2025-09-16 15:18:10,2025-09-16 15:47:10,2025-09-17,2025-09-30 15:18:10,2025-10-01 15:18:10,154.24,597.65,4
ORD-1085,aa58d756-ef38-4f96-b273-bcfa05525a7a,delivered,2025-01-29 10:45:47,2025-01-29 15:34:47,2025-01-30,2025-02-13 10:45:47,2025-02-06 10:45:47,291.95,532.58,2
ORD-1086,4106a237-af02-4e7a-adc0-675b682a6acf,delivered,2024-08-05 13:38:01,2024-08-05 17:42:01,2024-08-07,2024-08-13 13:38:01,2024-08-14 13:38:01,267.38,451.93,3
ORD-1087,623e5746-9a10-4fee-a15d-e9fb6651d8fd,delivered,2024-06-21 18:20:09,2024-06-21 19:29:09,2024-06-24,2024-07-08 18:20:09,2024-07-04 18:20:09,230.91,517.46,2
ORD-1088,b7f204ca-ddcf-49f9-a73a-2acbdeacd4c6,delivered,2025-12-22 17:56:12,2025-12-22 21:03:12,2025-12-25,2026-01-06 17:56:12,2025-12-31 17:56:12,104.22,89.19,5
ORD-1089,0abbfbc5-01a9-4fae-a876-a187acbfec07,delivered,2024-03-08 16:50:48,2024-03-08 18:35:48,2024-03-10,2024-03-16 16:50:48,2024-03-18 16:50:48,27.75,150.83,2
ORD-1090,90f594bf-3f41-4d0a-be83-261f6c6773d6,delivered,2024-10-23 10:02:41,2024-10-23 14:52:41,2024-10-25,2024-11-07 10:02:41,2024-10-28 10:02:41,90.82,374.25,4
ORD-1091,fd056d31-332e-48b1-8a8a-36e23a2af0d3,delivered,2025-11-06 01:47:34,2025-11-06 05:43:34,2025-11-08,2025-11-17 01:47:34,2025-11-11 01:47:34,282.41,309.34,4
ORD-1092,9a2b399c-28ca-4f9c-b27c-0c397a4df68e,delivered,2024-02-27 20:43:16,2024-02-27 20:59:16,2024-03-01,2024-03-03 20:43:16,2024-03-03 20:43:16,134.96,854.95,3
ORD-1093,d0aa469c-534b-453a-8db7-376e9180f79a,delivered,2025-11-22 17:34:17,2025-11-22 21:23:17,2025-11-24,2025-12-07 17:34:17,2025-12-01 17:34:17,405.64,262.69,3
ORD-1094,41833b03-a947-4cb5-a1c7-656531f114d8,delivered,2024-08-20 13:22:33,2024-08-20 14:01:33,2024-08-22,2024-09-02 13:22:33,2024-09-02 13:22:33,281.4,926.79,3
ORD-1095,e096d3df-6e4c-4eb5-8f4b-143c57c2304d,delivered,2025-04-25 09:33:02,2025-04-25 11:51:02,2025-04-28,2025-04-27 09:33:02,2025-04-30 09:33:02,73.54,41.22,3
ORD-1096,488ef5ad-ab57-4670-b5b9-a0916b0b3ddd,delivered,2025-05-03 00:32:24,2025-05-03 01:26:24,2025-05-04,2025-05-08 00:32:24,2025-05-11 00:32:24,187.36,495.3,1
ORD-1097,7785a487-d27c-47f1-842c-2ab085cc6fd1,delivered,2024-02-18 20:58:18,2024-02-18 21:31:18,2024-02-19,2024-02-24 20:58:18,2024-02-23 20:58:18,275.56,149.84,4
ORD-1098,3449d113-b200-4a54-bf70-a6910de7d401,delivered,2025-10-14 21:54:14,2025-10-15 01:38:14,2025-10-15,2025-11-05 21:54:14,2025-10-26 21:54:14,130.45,936.52,4
ORD-1099,a410e197-5e27-47cc-836a-f7d0bc16ac45,delivered,2024-09-02 13:59:31,2024-09-02 16:24:31,2024-09-03,2024-09-14 13:59:31,2024-09-10 13:59:31,405.35,627.18,1
ORD-1100,58381539-6549-465f-b645-4922ec667ecb,delivered,2026-01-25 10:41:54,2026-01-25 11:41:54,2026-01-27,2026-01-28 10:41:54,2026-01-30 10:41:54,447.9,741.05,4
ORD-1101,a78bd73d-9f3e-40ab-bea5-f634d95b1e11,delivered,2024-11-17 15:57:32,2024-11-17 16:11:32,2024-11-19,2024-12-06 15:57:32,2024-12-01 15:57:32,289.84,410.74,4
ORD-1102,e23113ef-4043-42c4-950b-464476a0bb04,delivered,2024-04-04 07:07:17,2024-04-04 09:39:17,2024-04-06,2024-04-13 07:07:17,2024-04-11 07:07:17,257.79,598.37,1
ORD-1103,2639535a-13ef-434c-88ce-3ce818bbfa41,delivered,2024-06-21 23:15:03,2024-06-22 04:12:03,2024-06-23,2024-07-03 23:15:03,2024-06-27 23:15:03,355.79,910.96,4
ORD-1104,1d85461b-65c5-442e-a8b6-d9bd74f099a8,delivered,2024-05-19 19:16:43,2024-05-19 19:33:43,2024-05-22,2024-06-05 19:16:43,2024-05-31 19:16:43,443.54,787.51,2
ORD-1105,f0835cbf-d7c8-4423-af7f-81cb0a958d20,delivered,2024-09-03 20:13:01,2024-09-04 00:44:01,2024-09-04,2024-09-14 20:13:01,2024-09-14 20:13:01,168.97,360.0,4
ORD-1106,275f964e-18f0-4cff-81d4-5b3678e5bb47,delivered,2025-02-08 15:33:58,2025-02-08 16:32:58,2025-02-09,2025-02-20 15:33:58,2025-02-22 15:33:58,326.02,233.83,2
ORD-1107,2b2e2b0d-db80-44c1-bf49-d373b06c5704,delivered,2025-06-13 19:11:21,2025-06-13 22:57:21,2025-06-15,2025-06-19 19:11:21,2025-06-24 19:11:21,302.62,701.84,4
ORD-1108,3ebd690e-f892-41eb-954f-faf924dc50eb,delivered,2024-04-27 20:10:45,2024-04-27 20:20:45,2024-04-29,2024-05-13 20:10:45,2024-05-03 20:10:45,24.23,807.54,4
ORD-1109,e6b52734-bafa-469a-a944-6b8aaf8e04cc,delivered,2024-06-29 22:21:00,2024-06-30 02:11:00,2024-06-30,2024-07-06 22:21:00,2024-07-07 22:21:00,274.05,479.19,2
ORD-1110,ca76ce4f-1a6c-4201-9cba-bbc58067b651,delivered,2025-01-28 14:37:14,2025-01-28 19:11:14,2025-01-29,2025-02-01 14:37:14,2025-02-04 14:37:14,174.26,311.28,3
ORD-1111,d2649dd7-4f57-4ab1-a1a7-61dc5e8e28d3,delivered,2024-02-21 03:02:59,2024-02-21 04:16:59,2024-02-23,2024-03-09 03:02:59,2024-03-04 03:02:59,496.5,886.96,2
ORD-1112,aed90bb2-ea2b-430e-8792-68269dee8413,delivered,2026-01-05 20:00:55,2026-01-05 22:16:55,2026-01-06,2026-01-20 20:00:55,2026-01-11 20:00:55,331.56,561.9,4
ORD-1113,309ae99c-a492-4ef5-ad66-f29e80f971c2,delivered,2024-09-13 11:26:16,2024-09-13 14:17:16,2024-09-14,2024-09-24 11:26:16,2024-09-27 11:26:16,201.33,107.37,3
ORD-1114,d816ddc0-8842-4d48-943c-b9b375153a1d,delivered,2025-01-09 17:45:28,2025-01-09 22:44:28,2025-01-10,2025-01-21 17:45:28,2025-01-23 17:45:28,181.11,355.75,5
ORD-1115,a0c39112-e5ac-42ff-b0c1-358828a5230f,delivered,2024-07-25 02:08:51,2024-07-25 06:26:51,2024-07-28,2024-08-19 02:08:51,2024-08-09 02:08:51,454.76,919.17,4
ORD-1116,87bc2256-ad4e-4c0a-a283-690e0b8cefe4,delivered,2025-05-27 01:22:25,2025-05-27 04:44:25,2025-05-30,2025-05-31 01:22:25,2025-06-01 01:22:25,376.44,829.92,2
ORD-1117,35a930f9-6b32-40f9-bf55-13809c90b6be,delivered,2025-05-26 01:04:32,2025-05-26 03:42:32,2025-05-28,2025-06-10 01:04:32,2025-06-06 01:04:32,94.05,796.15,4
ORD-1118,15091e2f-608d-4294-9509-f5d99992c396,delivered,2025-12-20 23:07:21,2025-12-21 01:59:21,2025-12-23,2026-01-02 23:07:21,2025-12-29 23:07:21,323.66,190.24,4
ORD-1119,24fb6153-6074-4b56-ba9f-8f79e23146e0,delivered,2024-06-04 12:52:49,2024-06-04 16:31:49,2024-06-07,2024-06-21 12:52:49,2024-06-12 12:52:49,235.43,61.83,4
ORD-1120,05c850bd-59b0-4768-b724-8eb3df3a82b0,delivered,2025-11-07 02:34:13,2025-11-07 04:31:13,2025-11-08,2025-11-20 02:34:13,2025-11-21 02:34:13,94.81,181.91,3
ORD-1121,f12e4d4e-a0c1-4432-bd0a-134a7ee6fd9f,delivered,2025-08-04 12:07:33,2025-08-04 12:23:33,2025-08-07,2025-08-20 12:07:33,2025-08-10 12:07:33,63.4,181.76,2
ORD-1122,50f3f746-526e-49d5-9c06-5515da691e2d,delivered,2025-09-03 18:57:43,2025-09-03 23:35:43,2025-09-06,2025-09-06 18:57:43,2025-09-10 18:57:43,452.02,839.45,4
ORD-1123,87542ea4-f81b-47ce-a1b6-0e7508b47d29,delivered,2024-04-29 19:01:42,2024-04-29 23:09:42,2024-04-30,2024-05-12 19:01:42,2024-05-10 19:01:42,88.12,638.2,1
ORD-1124,8bcc7a2a-327e-4910-8e80-2968d54087d4,delivered,2024-05-05 23:04:21,2024-05-06 01:29:21,2024-05-06,2024-05-13 23:04:21,2024-05-14 23:04:21,167.0,23.9,4
ORD-1125,324c8420-6f2e-4f48-b378-13431c13e039,delivered,2024-02-12 11:28:29,2024-02-12 12:01:29,2024-02-13,2024-03-02 11:28:29,2024-02-27 11:28:29,286.29,888.0,1
ORD-1126,77d481e7-59f4-438b-afb3-000c91e51ccb,delivered,2024-08-22 16:54:22,2024-08-22 17:19:22,2024-08-23,2024-09-05 16:54:22,2024-09-06 16:54:22,196.5,92.52,3
ORD-1127,f2132d7d-f1b5-4e3f-b083-c51e370bead6,delivered,2025-10-25 10:28:12,2025-10-25 11:25:12,2025-10-27,2025-11-11 10:28:12,2025-11-05 10:28:12,310.77,31.98,4
ORD-1128,c9dd0c71-b0b2-434e-877a-53bd13479166,delivered,2024-05-19 06:56:08,2024-05-19 09:37:08,2024-05-20,2024-05-31 06:56:08,2024-05-25 06:56:08,202.2,810.71,3
ORD-1129,c606c2ee-de0c-41ad-bb25-931edcebec8b,delivered,2025-04-09 23:45:25,2025-04-10 00:10:25,2025-04-10,2025-04-15 23:45:25,2025-04-17 23:45:25,311.88,386.52,3
ORD-1130,7b9afe7f-1581-44e4-a005-0cc7f6fb50b6,delivered,2024-02-13 11:08:19,2024-02-13 16:02:19,2024-02-14,2024-02-20 11:08:19,2024-02-22 11:08:19,145.73,440.0,1
ORD-1131,91a8a205-1d74-4565-a079-9d7b618fb56f,delivered,2024-10-05 14:28:41,2024-10-05 18:37:41,2024-10-06,2024-10-20 14:28:41,2024-10-14 14:28:41,360.83,299.24,5
ORD-1132,08583a13-c648-4082-9d9d-6589c1a8a65c,delivered,2025-06-07 05:39:31,2025-06-07 09:00:31,2025-06-08,2025-06-20 05:39:31,2025-06-16 05:39:31,205.71,313.93,4
ORD-1133,959d80fc-9a11-432a-8eca-ac12ac7886f5,delivered,2025-02-23 17:37:54,2025-02-23 18:09:54,2025-02-26,2025-03-13 17:37:54,2025-03-10 17:37:54,499.28,206.26,3
ORD-1134,2ef7255e-685d-4113-8f4e-48643ff76301,delivered,2026-01-24 06:43:30,2026-01-24 08:21:30,2026-01-26,2026-01-28 06:43:30,2026-02-02 06:43:30,85.64,835.83,1
ORD-1135,d1c6a092-1185-4ff4-8608-9368eec25671,delivered,2024-04-09 08:44:19,2024-04-09 12:58:19,2024-04-12,2024-04-21 08:44:19,2024-04-18 08:44:19,335.01,508.85,4
ORD-1136,be3f2659-defe-426f-b9e7-c3c3e400fd50,delivered,2024-03-09 18:12:34,2024-03-09 22:41:34,2024-03-11,2024-03-19 18:12:34,2024-03-14 18:12:34,459.7,564.84,3
ORD-1137,daf6977a-a515-4150-ad93-36bb6abb85bb,delivered,2025-03-25 10:05:35,2025-03-25 14:27:35,2025-03-27,2025-04-02 10:05:35,2025-04-07 10:05:35,146.29,659.81,1
ORD-1138,8f7159a3-28f5-4a56-8dc9-608a709d0594,delivered,2025-08-11 01:18:23,2025-08-11 05:24:23,2025-08-13,2025-08-20 01:18:23,2025-08-25 01:18:23,190.17,629.35,5
ORD-1139,4bcc6010-3709-4e75-9288-ea71b6e188c7,delivered,2025-04-06 16:22:35,2025-04-06 19:32:35,2025-04-07,2025-04-10 16:22:35,2025-04-13 16:22:35,281.5,440.13,5
ORD-1140,64d11665-bb1c-499e-945a-907c7db7d5ca,delivered,2024-08-22 12:41:41,2024-08-22 15:11:41,2024-08-23,2024-09-02 12:41:41,2024-08-28 12:41:41,381.2,426.86,2
ORD-1141,a61c0e0a-41b2-47ff-b7c6-a8e6a36b9d6e,delivered,2024-08-29 18:42:11,2024-08-29 20:55:11,2024-08-31,2024-09-18 18:42:11,2024-09-12 18:42:11,184.0,240.14,4
ORD-1142,124fd270-8591-4554-959e-4f23276654dd,delivered,2024-11-24 18:09:59,2024-11-24 19:54:59,2024-11-25,2024-12-14 18:09:59,2024-12-08 18:09:59,88.64,364.56,5
ORD-1143,ff191126-a64a-487c-b4ac-e353407615bc,delivered,2025-11-16 02:59:27,2025-11-16 04:20:27,2025-11-18,2025-12-03 02:59:27,2025-11-27 02:59:27,59.12,352.7,2
ORD-1144,68661e6a-e02d-4945-bfb3-7b406b630bfa,delivered,2025-10-01 19:59:54,2025-10-02 00:24:54,2025-10-03,2025-10-13 19:59:54,2025-10-10 19:59:54,173.25,513.73,5
ORD-1145,344d2d88-6357-4049-8c60-886c20466dda,delivered,2024-07-24 03:03:53,2024-07-24 03:45:53,2024-07-25,2024-07-27 03:03:53,2024-07-30 03:03:53,338.59,175.28,5
ORD-1146,334a87a9-2f2a-49a9-a3ef-acf2391a89d8,delivered,2024-05-29 12:08:35,2024-05-29 15:24:35,2024-06-01,2024-06-01 12:08:35,2024-06-06 12:08:35,138.11,183.44,1
ORD-1147,119376d9-733e-465b-ac2c-e08711bf50b3,delivered,2025-06-07 05:03:51,2025-06-07 06:48:51,2025-06-09,2025-06-28 05:03:51,2025-06-19 05:03:51,106.88,309.16,4
ORD-1148,d7c24da6-ace2-453d-8b71-a2466cd4d4c5,delivered,2024-10-31 17:51:26,2024-10-31 20:34:26,2024-11-02,2024-11-11 17:51:26,2024-11-08 17:51:26,403.32,448.82,2
ORD-1149,d0cd7ef9-8b9f-4191-8a42-036c190333a0,delivered,2024-05-28 02:59:27,2024-05-28 06:48:27,2024-05-30,2024-06-07 02:59:27,2024-06-10 02:59:27,498.11,126.59,4
ORD-1150,4f8ce7bc-3e97-441e-8600-df07028a88e6,delivered,2025-01-24 13:34:28,2025-01-24 17:28:28,2025-01-25,2025-02-07 13:34:28,2025-01-29 13:34:28,26.01,553.17,1
ORD-1151,b8544f0b-e060-40ab-bda8-24dff0046d1d,delivered,2024-07-04 00:20:26,2024-07-04 00:48:26,2024-07-07,2024-07-17 00:20:26,2024-07-15 00:20:26,180.5,247.61,5
ORD-1152,380d172a-eba9-4a1e-acdc-c5157f011caf,delivered,2024-02-14 17:53:22,2024-02-14 18:19:22,2024-02-15,2024-02-27 17:53:22,2024-02-28 17:53:22,163.4,470.5,5
ORD-1153,6684e1cb-f080-4dbd-98ec-bbd31ad5b1ae,delivered,2024-03-01 06:17:13,2024-03-01 11:13:13,2024-03-02,2024-03-11 06:17:13,2024-03-07 06:17:13,487.83,558.62,1
ORD-1154,a68050b3-f5a7-421e-8094-bab15c31835b,delivered,2024-07-13 19:00:31,2024-07-13 20:49:31,2024-07-14,2024-08-04 19:00:31,2024-07-27 19:00:31,57.41,398.57,1
ORD-1155,bb726ccc-ae8c-43f1-8524-73f91dd94b36,delivered,2025-07-12 14:07:29,2025-07-12 15:55:29,2025-07-13,2025-07-17 14:07:29,2025-07-19 14:07:29,165.26,510.66,2
ORD-1156,fe683590-d898-4c04-baca-3972f36aa5e0,delivered,2024-08-30 15:10:41,2024-08-30 16:09:41,2024-08-31,2024-09-12 15:10:41,2024-09-13 15:10:41,167.92,551.75,1
ORD-1157,d342795f-37bc-4cf5-94db-2c25b3f224ce,delivered,2025-06-28 04:07:59,2025-06-28 08:07:59,2025-06-29,2025-07-11 04:07:59,2025-07-13 04:07:59,258.37,147.42,5
ORD-1158,f3abec84-9757-4f62-8b35-0e62ea3c8220,delivered,2024-04-12 03:27:06,2024-04-12 07:21:06,2024-04-13,2024-05-07 03:27:06,2024-04-27 03:27:06,74.74,47.25,5
ORD-1159,4369b44c-a153-46ce-a4c1-96680f77776d,delivered,2024-07-07 07:22:06,2024-07-07 09:06:06,2024-07-08,2024-07-27 07:22:06,2024-07-21 07:22:06,426.96,755.48,3
ORD-1160,99b60f7b-908c-470e-84f0-fc9a518633f2,delivered,2024-08-19 22:29:22,2024-08-19 23:51:22,2024-08-22,2024-09-07 22:29:22,2024-08-30 22:29:22,293.04,648.81,1
ORD-1161,8c3c20ec-eca1-453f-9b03-790f868d131a,delivered,2025-03-15 16:23:22,2025-03-15 18:59:22,2025-03-17,2025-03-29 16:23:22,2025-03-27 16:23:22,85.57,92.67,1
ORD-1162,8af221cd-893c-43d2-986b-bfe5c2b4df33,delivered,2025-07-11 08:12:37,2025-07-11 10:11:37,2025-07-14,2025-07-29 08:12:37,2025-07-24 08:12:37,238.91,903.25,2
ORD-1163,9114a29a-5511-41b1-9bc8-b9f4c234034d,delivered,2024-09-21 05:49:46,2024-09-21 06:21:46,2024-09-22,2024-09-25 05:49:46,2024-09-30 05:49:46,398.14,118.71,1
ORD-1164,646d67cf-ff46-48a9-b94e-afe91627e4aa,delivered,2025-01-08 12:16:35,2025-01-08 12:42:35,2025-01-11,2025-01-23 12:16:35,2025-01-19 12:16:35,11.77,280.05,3
ORD-1165,97eb431f-9d4c-4011-972f-5dc475b5b91b,delivered,2024-12-24 20:00:12,2024-12-24 23:27:12,2024-12-25,2025-01-01 20:00:12,2025-01-01 20:00:12,252.14,309.61,1
ORD-1166,690bc3fd-d5ab-4857-9c22-d2a754c8a40c,delivered,2026-01-05 18:32:15,2026-01-05 20:39:15,2026-01-06,2026-01-25 18:32:15,2026-01-15 18:32:15,430.12,612.26,3
ORD-1167,ed53ef12-f7ad-496c-bb30-ca7e5c4295d8,delivered,2024-02-20 07:46:35,2024-02-20 11:12:35,2024-02-22,2024-03-06 07:46:35,2024-03-01 07:46:35,496.13,390.95,1
ORD-1168,1b198226-9169-487e-8c21-ba032f5994f3,delivered,2025-01-31 17:18:39,2025-01-31 19:02:39,2025-02-03,2025-02-13 17:18:39,2025-02-15 17:18:39,394.08,974.49,1
ORD-1169,8c3eba01-e3ee-4190-9647-bdf082659e31,delivered,2026-01-14 23:32:43,2026-01-15 01:14:43,2026-01-16,2026-01-28 23:32:43,2026-01-25 23:32:43,358.5,410.25,2
ORD-1170,5d32ff7e-e953-48ad-b5b5-bf5bc8d935c5,delivered,2025-06-10 03:31:50,2025-06-10 03:47:50,2025-06-11,2025-07-01 03:31:50,2025-06-24 03:31:50,482.76,551.45,3
ORD-1171,92183cc6-4aee-47c9-8c58-e57db5525e22,delivered,2026-01-04 06:22:48,2026-01-04 07:59:48,2026-01-07,2026-01-05 06:22:48,2026-01-10 06:22:48,313.82,410.1,1
ORD-1172,083d6a75-0a93-4e8f-8868-ea40deb4c640,delivered,2025-10-18 09:30:19,2025-10-18 09:53:19,2025-10-19,2025-10-27 09:30:19,2025-10-27 09:30:19,461.94,749.24,1
ORD-1173,4b1eac23-67b5-4729-85b8-00f75c7e98a7,delivered,2024-06-04 13:17:55,2024-06-04 17:04:55,2024-06-06,2024-06-07 13:17:55,2024-06-10 13:17:55,302.06,346.67,2
ORD-1174,76ecc770-5074-4d49-9460-1ad4030a470f,delivered,2024-09-12 15:34:57,2024-09-12 20:20:57,2024-09-15,2024-09-26 15:34:57,2024-09-20 15:34:57,365.2,817.0,4
ORD-1175,d0090241-18bd-4e0a-b90b-f1d0cc211a41,delivered,2025-02-22 02:46:24,2025-02-22 07:43:24,2025-02-24,2025-03-10 02:46:24,2025-03-05 02:46:24,243.01,938.59,1
ORD-1176,0ee68cba-7309-428e-95cf-d6ee5eb43997,delivered,2024-02-22 17:45:04,2024-02-22 20:08:04,2024-02-25,2024-02-25 17:45:04,2024-02-28 17:45:04,57.79,576.3,1
ORD-1177,ecf6787b-26b4-45f5-931e-00434191ada8,delivered,2025-07-22 05:53:09,2025-07-22 09:44:09,2025-07-25,2025-08-06 05:53:09,2025-07-30 05:53:09,261.19,527.63,2
ORD-1178,1cddce07-72f9-4705-84e6-81c536c8b3a8,delivered,2025-12-28 13:43:00,2025-12-28 16:42:00,2025-12-30,2026-01-17 13:43:00,2026-01-12 13:43:00,320.16,430.27,1
ORD-1179,14acd518-9e20-4285-8a65-7dd5083f7d31,delivered,2024-05-22 00:21:08,2024-05-22 00:46:08,2024-05-25,2024-06-02 00:21:08,2024-06-01 00:21:08,179.21,833.61,4
ORD-1180,951057f2-6c40-4924-ad35-8bcc9959371c,delivered,2024-06-18 15:30:39,2024-06-18 19:52:39,2024-06-21,2024-07-06 15:30:39,2024-06-26 15:30:39,82.65,662.01,3
ORD-1181,9f1fc6f0-54e0-425a-8910-b67c365b4a17,delivered,2025-07-17 00:37:34,2025-07-17 04:45:34,2025-07-18,2025-07-29 00:37:34,2025-07-23 00:37:34,396.46,524.1,2
ORD-1182,8a368aff-7b88-4f70-8218-37b2c6777649,delivered,2024-03-07 20:41:55,2024-03-07 21:20:55,2024-03-08,2024-03-30 20:41:55,2024-03-21 20:41:55,76.35,270.67,2
ORD-1183,857df6a2-b41e-44ea-ab84-1c87842ab4f5,delivered,2025-12-14 12:51:18,2025-12-14 17:12:18,2025-12-15,2025-12-29 12:51:18,2025-12-29 12:51:18,310.89,183.24,3
ORD-1184,b4590dd0-62f1-48ac-8c22-aeb5a644fb62,delivered,2025-03-01 17:40:45,2025-03-01 18:39:45,2025-03-03,2025-03-05 17:40:45,2025-03-09 17:40:45,198.27,950.2,1
ORD-1185,90d29f8a-8783-4a11-823d-658d207cd123,delivered,2026-01-02 13:08:52,2026-01-02 15:57:52,2026-01-05,2026-01-11 13:08:52,2026-01-08 13:08:52,247.64,191.92,1
ORD-1186,b9c0f181-4f31-4d6e-a69d-754b732bd167,delivered,2025-04-15 16:10:45,2025-04-15 18:21:45,2025-04-17,2025-04-25 16:10:45,2025-04-25 16:10:45,394.88,973.63,5
ORD-1187,9091805f-6f46-4dfc-b850-1ce4835a82eb,delivered,2025-11-24 06:02:33,2025-11-24 07:25:33,2025-11-27,2025-11-29 06:02:33,2025-11-29 06:02:33,240.32,864.66,3
ORD-1188,c1e3babd-d547-41de-b259-29930b8141c9,delivered,2024-10-08 10:09:26,2024-10-08 14:59:26,2024-10-10,2024-10-23 10:09:26,2024-10-19 10:09:26,259.22,393.43,1
ORD-1189,6940a2d9-5c99-425e-b815-8e1ebcd04653,delivered,2026-02-10 07:20:44,2026-02-10 10:54:44,2026-02-12,2026-03-01 07:20:44,2026-02-20 07:20:44,177.0,235.2,3
ORD-1190,9b29a99b-ddb1-4530-b4e6-5ae6540d2b0e,delivered,2024-08-20 07:09:27,2024-08-20 08:46:27,2024-08-23,2024-08-31 07:09:27,2024-08-30 07:09:27,184.94,937.72,4
ORD-1191,223c6de0-7190-4c1f-8bc5-453c2d41beec,delivered,2025-03-13 14:14:38,2025-03-13 18:17:38,2025-03-16,2025-04-07 14:14:38,2025-03-28 14:14:38,493.73,443.59,4
ORD-1192,a978a7b9-f26e-4c07-8856-8ca6d042c3a6,delivered,2025-04-19 11:24:24,2025-04-19 15:39:24,2025-04-22,2025-05-06 11:24:24,2025-04-30 11:24:24,410.83,998.72,4
ORD-1193,f0ec702e-e567-4912-a220-ca95d09f6361,delivered,2024-06-24 10:08:59,2024-06-24 10:57:59,2024-06-25,2024-07-14 10:08:59,2024-07-04 10:08:59,412.25,539.96,4
ORD-1194,4ff491b2-c90e-4e64-9880-fa884e0b8925,delivered,2025-02-25 04:46:59,2025-02-25 08:35:59,2025-02-27,2025-03-07 04:46:59,2025-03-09 04:46:59,488.96,825.57,1
ORD-1195,f65a6282-e2af-4789-95dc-8c08c3416516,delivered,2024-11-29 04:55:42,2024-11-29 09:55:42,2024-12-02,2024-12-12 04:55:42,2024-12-11 04:55:42,450.4,523.53,3
ORD-1196,c34e5063-a3f7-42bd-a32a-988fca812654,delivered,2024-04-26 11:05:53,2024-04-26 11:42:53,2024-04-27,2024-05-16 11:05:53,2024-05-08 11:05:53,138.82,979.13,5
ORD-1197,fc743de1-0126-496a-86d7-d530f7377351,delivered,2025-10-10 03:46:57,2025-10-10 07:29:57,2025-10-13,2025-10-30 03:46:57,2025-10-25 03:46:57,185.76,371.91,5
ORD-1198,80b9e05f-6a53-441f-92ea-2578aa8d94c3,delivered,2025-05-25 00:05:10,2025-05-25 02:34:10,2025-05-26,2025-06-05 00:05:10,2025-06-01 00:05:10,48.8,877.08,4
ORD-1199,ca8167bc-bff6-4914-8329-143706388f6c,delivered,2025-07-15 04:01:32,2025-07-15 08:33:32,2025-07-18,2025-07-25 04:01:32,2025-07-28 04:01:32,62.16,413.38,4
ORD-1200,822266f2-c976-4d26-b39e-2876f4708b1a,delivered,2024-04-12 15:05:15,2024-04-12 18:49:15,2024-04-13,2024-05-03 15:05:15,2024-04-27 15:05:15,425.78,106.62,1
ORD-1201,9fe94d63-ae83-41ae-b90b-5c8517ae96e7,delivered,2024-03-24 02:45:15,2024-03-24 06:45:15,2024-03-25,2024-04-04 02:45:15,2024-03-30 02:45:15,436.64,707.55,1
ORD-1202,2cf9306b-a972-4382-a68b-16fc800ab5f0,delivered,2025-11-01 10:48:32,2025-11-01 15:21:32,2025-11-02,2025-11-15 10:48:32,2025-11-06 10:48:32,445.52,478.6,2
ORD-1203,16da960b-ef5d-4ecb-b718-422f564400f3,delivered,2025-08-12 08:51:12,2025-08-12 09:51:12,2025-08-13,2025-08-29 08:51:12,2025-08-27 08:51:12,492.29,906.27,4
ORD-1204,fb0d5e20-1b4f-470c-a2c2-d42fd2fc0235,delivered,2024-05-31 10:34:09,2024-05-31 10:48:09,2024-06-01,2024-06-13 10:34:09,2024-06-13 10:34:09,130.88,254.21,5
ORD-1205,f92297a5-0af5-4eb8-aa85-e1d011c1b6d1,delivered,2024-06-20 00:02:11,2024-06-20 03:22:11,2024-06-22,2024-07-15 00:02:11,2024-07-05 00:02:11,77.97,340.23,4
ORD-1206,aa89de64-dc89-4474-b339-609fc6cb6d5b,delivered,2025-04-07 16:35:00,2025-04-07 19:12:00,2025-04-10,2025-04-11 16:35:00,2025-04-14 16:35:00,317.93,510.75,5
ORD-1207,a12de800-ac54-44ed-b4c6-8ce488efc382,delivered,2024-09-21 18:08:48,2024-09-21 20:41:48,2024-09-23,2024-10-01 18:08:48,2024-09-28 18:08:48,374.2,186.99,5
ORD-1208,aaffc633-3ef7-482f-8ddf-9a620e92616b,delivered,2025-07-23 14:10:03,2025-07-23 15:55:03,2025-07-25,2025-08-01 14:10:03,2025-07-28 14:10:03,484.76,196.38,3
ORD-1209,98a8a895-44ce-47be-9f48-97b072644aa1,delivered,2024-08-05 10:56:29,2024-08-05 13:01:29,2024-08-07,2024-08-14 10:56:29,2024-08-14 10:56:29,134.39,764.4,1
ORD-1210,bf2de861-7e14-4180-b7c9-85f9c1fe58f5,delivered,2024-11-30 20:49:47,2024-11-30 21:21:47,2024-12-03,2024-12-06 20:49:47,2024-12-05 20:49:47,199.26,114.97,3
ORD-1211,dcda01db-cda9-4107-a149-8948ef827e14,delivered,2025-11-16 15:16:36,2025-11-16 19:16:36,2025-11-17,2025-11-28 15:16:36,2025-11-30 15:16:36,350.73,960.22,2
ORD-1212,38d57ec8-719b-4064-928d-426d2f4ddcde,delivered,2025-03-27 04:25:49,2025-03-27 06:19:49,2025-03-28,2025-04-03 04:25:49,2025-04-05 04:25:49,424.13,163.33,4
ORD-1213,7dbca922-3eae-4dd9-b336-bcfadf143427,delivered,2025-10-31 13:11:22,2025-10-31 14:21:22,2025-11-02,2025-11-13 13:11:22,2025-11-08 13:11:22,5.86,549.59,1
ORD-1214,011b4839-1893-4c31-b45c-eb224f103771,delivered,2025-09-19 04:21:22,2025-09-19 05:00:22,2025-09-21,2025-09-29 04:21:22,2025-10-01 04:21:22,232.0,309.48,4
ORD-1215,83e0be38-1647-4d96-b159-e7f89bfac94f,delivered,2025-08-06 07:28:02,2025-08-06 11:15:02,2025-08-07,2025-08-07 07:28:02,2025-08-12 07:28:02,218.13,217.52,2
ORD-1216,786ab8b0-ed9c-4bcb-bd12-aaabc947a2ef,delivered,2025-09-12 08:48:01,2025-09-12 11:26:01,2025-09-13,2025-09-23 08:48:01,2025-09-22 08:48:01,377.7,852.8,1
ORD-1217,5d8754ff-f76c-409b-b14b-c6978ac4b055,delivered,2025-02-05 15:16:21,2025-02-05 17:54:21,2025-02-07,2025-02-11 15:16:21,2025-02-16 15:16:21,190.6,902.51,1
ORD-1218,64c1d9e7-92e0-4d27-8120-bd38b5690ae6,delivered,2025-03-08 03:59:39,2025-03-08 06:08:39,2025-03-11,2025-03-22 03:59:39,2025-03-20 03:59:39,147.92,826.47,5
ORD-1219,c8f92653-bde2-49fb-8f64-ccc26df3cb9e,delivered,2024-11-30 22:22:40,2024-12-01 00:03:40,2024-12-02,2024-12-16 22:22:40,2024-12-07 22:22:40,401.81,681.74,3
ORD-1220,85b99f17-6958-4f8d-ab4a-df38b313b10d,delivered,2025-04-01 08:03:40,2025-04-01 12:22:40,2025-04-03,2025-04-15 08:03:40,2025-04-07 08:03:40,255.86,689.71,4
ORD-1221,33cee78a-0f53-43ce-9f3e-0969116d9d5f,delivered,2024-11-05 10:47:25,2024-11-05 13:33:25,2024-11-06,2024-11-28 10:47:25,2024-11-18 10:47:25,106.56,606.75,2
ORD-1222,7cf1dab3-bf17-436a-9861-8ea5a90770ea,delivered,2025-08-11 18:33:44,2025-08-11 21:20:44,2025-08-13,2025-08-31 18:33:44,2025-08-26 18:33:44,329.28,448.53,5
ORD-1223,e8694aa9-faa3-4209-9dc7-664a1a10e57e,delivered,2025-02-03 23:41:29,2025-02-04 01:47:29,2025-02-05,2025-02-11 23:41:29,2025-02-12 23:41:29,288.92,715.17,5
ORD-1224,c36029f2-7e6f-4b7a-886e-61f9671ed34b,delivered,2024-06-24 11:10:15,2024-06-24 15:18:15,2024-06-25,2024-07-08 11:10:15,2024-06-29 11:10:15,83.27,164.98,1
ORD-1225,af6cc745-2882-4be8-83f8-d5a797335225,delivered,2025-11-18 19:01:23,2025-11-18 22:24:23,2025-11-19,2025-11-25 19:01:23,2025-11-29 19:01:23,335.5,118.53,4
ORD-1226,5c43bf11-05eb-4c50-b18f-a77018740602,delivered,2024-03-18 10:46:42,2024-03-18 12:54:42,2024-03-20,2024-03-31 10:46:42,2024-03-24 10:46:42,475.55,651.22,2
ORD-1227,c27b52ab-b97a-41f8-bb4a-a03153fdf6bd,delivered,2024-04-25 15:45:59,2024-04-25 15:55:59,2024-04-26,2024-04-30 15:45:59,2024-05-02 15:45:59,50.22,691.45,4
ORD-1228,b081d489-1af4-4d30-9b12-e4056d153363,delivered,2024-12-22 07:20:47,2024-12-22 11:08:47,2024-12-25,2025-01-05 07:20:47,2025-01-02 07:20:47,8.18,796.17,1
ORD-1229,c662e2f4-db24-4a58-a216-d0ffa02f7f06,delivered,2025-08-09 00:09:09,2025-08-09 02:19:09,2025-08-12,2025-08-16 00:09:09,2025-08-18 00:09:09,489.28,262.3,2
ORD-1230,a0b9447b-3935-46db-af2b-dc3d96e6b92c,delivered,2024-04-03 23:43:41,2024-04-04 03:15:41,2024-04-05,2024-04-06 23:43:41,2024-04-09 23:43:41,420.09,515.55,5
ORD-1231,9dfea666-4325-4f26-92e0-a481b771dd4e,delivered,2024-12-28 09:00:54,2024-12-28 12:53:54,2024-12-30,2025-01-07 09:00:54,2025-01-02 09:00:54,477.51,561.38,3
ORD-1232,dc6a5200-90f1-4b51-bb70-da0c06fa7b53,delivered,2025-04-27 17:00:08,2025-04-27 20:28:08,2025-04-30,2025-05-07 17:00:08,2025-05-07 17:00:08,133.78,597.73,4
ORD-1233,123bb154-cd71-4827-a1fb-bd755d9f3230,delivered,2025-04-08 13:47:54,2025-04-08 15:35:54,2025-04-09,2025-04-25 13:47:54,2025-04-19 13:47:54,95.79,298.54,2
ORD-1234,2e6b3b2f-6ca7-4cab-aaf1-017b10c1b27b,delivered,2025-03-30 00:49:36,2025-03-30 04:35:36,2025-03-31,2025-04-19 00:49:36,2025-04-09 00:49:36,410.7,326.44,2
ORD-1235,90cc29db-8cdb-443c-a791-f41e4f526124,delivered,2024-09-02 16:10:09,2024-09-02 16:41:09,2024-09-04,2024-09-09 16:10:09,2024-09-13 16:10:09,97.69,42.35,2
ORD-1236,5b6a37e7-15f0-4a8a-ae87-c8782924a4f4,delivered,2025-09-12 00:58:08,2025-09-12 03:11:08,2025-09-13,2025-09-29 00:58:08,2025-09-24 00:58:08,290.23,434.76,4
ORD-1237,d7a5641d-4cce-45f4-923b-2f4d89e1dc77,delivered,2025-11-04 22:24:42,2025-11-05 01:19:42,2025-11-07,2025-11-20 22:24:42,2025-11-13 22:24:42,326.87,894.43,5
ORD-1238,4f3ddbcc-05c0-4129-8c87-5e4676f91cb4,delivered,2024-10-20 10:58:37,2024-10-20 13:04:37,2024-10-22,2024-10-31 10:58:37,2024-11-04 10:58:37,62.81,876.43,5
ORD-1239,a77a7828-ebeb-4c68-9497-37b2b9a23cc7,delivered,2025-04-03 03:54:28,2025-04-03 08:42:28,2025-04-06,2025-04-18 03:54:28,2025-04-17 03:54:28,92.69,232.66,1
ORD-1240,10a542c7-473f-46f7-877c-a61f2eb10f0c,delivered,2025-08-09 10:52:00,2025-08-09 15:07:00,2025-08-12,2025-08-20 10:52:00,2025-08-15 10:52:00,109.7,674.89,4
ORD-1241,5f7b8771-8732-40e7-a270-53422340f35a,delivered,2024-10-21 12:13:03,2024-10-21 12:54:03,2024-10-23,2024-11-11 12:13:03,2024-11-02 12:13:03,341.75,570.58,2
ORD-1242,2d079d88-0f14-4814-a8c2-c7c7b76d4df1,delivered,2024-10-14 17:44:00,2024-10-14 20:56:00,2024-10-15,2024-10-23 17:44:00,2024-10-25 17:44:00,349.02,619.64,4
ORD-1243,17b72bcd-e2e1-444a-931d-60c50afcde72,delivered,2024-08-14 10:22:14,2024-08-14 12:14:14,2024-08-15,2024-08-31 10:22:14,2024-08-29 10:22:14,259.64,80.79,1
ORD-1244,2ae95315-402d-48e3-b2b3-4d1d297575a7,delivered,2025-04-29 23:20:35,2025-04-30 02:15:35,2025-05-02,2025-05-20 23:20:35,2025-05-13 23:20:35,38.01,666.54,1
ORD-1245,85c6ea17-c3ed-42ec-a7a9-53632d9d66a4,delivered,2025-03-09 03:47:03,2025-03-09 07:16:03,2025-03-12,2025-03-21 03:47:03,2025-03-15 03:47:03,353.13,101.41,4
ORD-1246,975f1b3a-e21e-4d5b-bcb2-3c80b82e6371,delivered,2025-12-21 17:17:43,2025-12-21 20:28:43,2025-12-22,2025-12-28 17:17:43,2025-12-26 17:17:43,150.92,614.46,1
ORD-1247,9d29daed-f6e9-4826-9a0d-89c87b7b66eb,delivered,2024-02-28 10:10:50,2024-02-28 14:17:50,2024-03-02,2024-03-14 10:10:50,2024-03-04 10:10:50,437.13,243.28,3
ORD-1248,1f6d90dc-81a5-47b1-9a60-c6f86a220db7,delivered,2025-03-26 07:05:21,2025-03-26 09:05:21,2025-03-28,2025-04-05 07:05:21,2025-04-02 07:05:21,383.75,43.59,2
ORD-1249,97886649-0cfb-4292-a083-ae9744f886b1,delivered,2025-04-22 13:30:34,2025-04-22 15:53:34,2025-04-23,2025-05-03 13:30:34,2025-05-02 13:30:34,464.64,231.55,4
ORD-1250,a2cd03b7-b05f-4bcf-8417-f99dbe81a518,delivered,2025-01-12 05:45:59,2025-01-12 10:17:59,2025-01-15,2025-01-27 05:45:59,2025-01-27 05:45:59,177.24,954.73,3
ORD-1251,b8030e99-99c3-4a94-a7a9-d42c97f2b462,delivered,2025-03-05 19:18:15,2025-03-05 20:38:15,2025-03-07,2025-03-16 19:18:15,2025-03-19 19:18:15,494.25,705.81,1
ORD-1252,65e75747-12cd-4f22-af74-cbd182a532a6,delivered,2024-11-29 16:46:59,2024-11-29 21:20:59,2024-12-02,2024-12-05 16:46:59,2024-12-06 16:46:59,34.75,987.76,5
ORD-1253,ba65f117-53e9-4640-9571-e7c28d286102,delivered,2024-10-30 16:05:04,2024-10-30 18:43:04,2024-11-02,2024-11-14 16:05:04,2024-11-05 16:05:04,177.89,876.62,5
ORD-1254,d02dae37-c59b-45b1-b720-0653d940829f,delivered,2025-09-27 20:39:58,2025-09-27 22:40:58,2025-09-30,2025-10-06 20:39:58,2025-10-08 20:39:58,247.76,714.17,4
ORD-1255,dbe00d02-9461-4129-a99c-2b16beb8d4fa,delivered,2025-08-24 05:41:12,2025-08-24 06:13:12,2025-08-25,2025-09-06 05:41:12,2025-09-02 05:41:12,210.32,605.25,1
ORD-1256,b6d5c19a-c678-406a-b523-ede6763511d7,delivered,2025-02-26 20:53:00,2025-02-26 22:55:00,2025-02-27,2025-03-10 20:53:00,2025-03-10 20:53:00,426.96,810.88,2
ORD-1257,108fd68c-5ee6-4cb8-ab1f-60e76f495e95,delivered,2024-11-11 13:02:25,2024-11-11 13:51:25,2024-11-13,2024-11-24 13:02:25,2024-11-24 13:02:25,321.27,830.29,4
ORD-1258,44a889ea-e334-4c92-add8-20e1e14a1957,delivered,2024-07-07 14:11:27,2024-07-07 18:27:27,2024-07-10,2024-07-17 14:11:27,2024-07-16 14:11:27,90.38,81.88,3
ORD-1259,b2537848-4e2c-4809-ad7c-545f51aab3c4,delivered,2024-07-26 07:46:49,2024-07-26 09:29:49,2024-07-28,2024-08-18 07:46:49,2024-08-10 07:46:49,106.02,963.52,1
ORD-1260,cc2c76fe-d8d0-4f08-8ded-28f5f736ff36,delivered,2026-01-16 15:27:25,2026-01-16 17:31:25,2026-01-19,2026-01-20 15:27:25,2026-01-24 15:27:25,411.44,755.2,5
ORD-1261,5547129a-c506-4cd6-a7ab-7d46a56e407b,delivered,2026-02-09 21:37:38,2026-02-10 00:05:38,2026-02-11,2026-02-23 21:37:38,2026-02-19 21:37:38,180.4,594.71,1
ORD-1262,9aa3d274-8d2b-4ac9-b72d-6272147377a2,delivered,2024-11-10 08:53:44,2024-11-10 10:03:44,2024-11-13,2024-12-05 08:53:44,2024-11-25 08:53:44,132.42,829.94,1
ORD-1263,7b411ffe-ee2d-4371-b573-e8a94e117f7c,delivered,2024-05-15 02:38:01,2024-05-15 03:55:01,2024-05-17,2024-06-09 02:38:01,2024-05-30 02:38:01,384.33,273.19,5
ORD-1264,8b75438c-d4e1-4d1e-bd3d-919e2f01fab8,delivered,2025-10-15 18:38:03,2025-10-15 22:18:03,2025-10-16,2025-10-25 18:38:03,2025-10-23 18:38:03,131.95,177.71,2
ORD-1265,166c1a5d-496f-473c-903a-f4d45b4182d6,delivered,2025-03-10 11:08:22,2025-03-10 14:11:22,2025-03-12,2025-03-19 11:08:22,2025-03-23 11:08:22,383.0,791.94,2
ORD-1266,d04325a0-150f-4682-a6ff-bf13f170c268,delivered,2025-09-01 19:31:25,2025-09-02 00:04:25,2025-09-02,2025-09-05 19:31:25,2025-09-08 19:31:25,114.19,670.64,3
ORD-1267,7c525014-43cb-49a4-baef-013b81b4ed6c,delivered,2025-05-13 04:50:01,2025-05-13 07:14:01,2025-05-14,2025-05-22 04:50:01,2025-05-19 04:50:01,268.13,996.05,4
ORD-1268,3709e10e-05ca-456b-be17-750e1aa492f6,delivered,2024-11-12 05:24:51,2024-11-12 09:40:51,2024-11-13,2024-12-03 05:24:51,2024-11-26 05:24:51,343.58,756.77,2
ORD-1269,f4e3fefe-15c3-47c9-9d75-d351a848f523,delivered,2025-09-30 17:30:45,2025-09-30 19:42:45,2025-10-01,2025-10-16 17:30:45,2025-10-14 17:30:45,388.34,805.02,3
ORD-1270,3913e57a-711f-45a5-ac06-f620083469c6,delivered,2025-12-16 00:19:44,2025-12-16 03:24:44,2025-12-17,2025-12-21 00:19:44,2025-12-25 00:19:44,232.58,306.84,1
ORD-1271,2ed60b8e-b78d-41ab-bee4-731bf09803b8,delivered,2025-12-16 12:29:34,2025-12-16 15:42:34,2025-12-19,2025-12-19 12:29:34,2025-12-23 12:29:34,257.62,481.05,1
ORD-1272,53132ecb-f0a9-4131-a41c-46951e499c6f,delivered,2024-08-08 09:08:17,2024-08-08 10:00:17,2024-08-10,2024-08-17 09:08:17,2024-08-20 09:08:17,237.92,376.42,3
ORD-1273,55e79ef5-00a4-42ea-a09e-3464329a544a,delivered,2025-09-29 07:38:28,2025-09-29 08:32:28,2025-10-01,2025-10-06 07:38:28,2025-10-07 07:38:28,128.23,163.67,4
ORD-1274,5b802671-5dec-4d00-a523-3ab9906ccbc5,delivered,2025-07-22 11:51:56,2025-07-22 15:17:56,2025-07-23,2025-08-02 11:51:56,2025-08-02 11:51:56,390.58,54.8,5
ORD-1275,2b81fa71-ca32-4e7a-bb74-727d3301a097,delivered,2025-04-28 09:57:30,2025-04-28 12:19:30,2025-04-29,2025-05-07 09:57:30,2025-05-08 09:57:30,431.85,646.95,1
ORD-1276,82ffcdb3-8cb1-4eb8-9df2-b67f0680ec6f,delivered,2024-10-13 13:44:13,2024-10-13 13:56:13,2024-10-16,2024-10-25 13:44:13,2024-10-26 13:44:13,137.97,736.36,3
ORD-1277,ff34b289-035c-4475-ba5b-a3c7cdaafc65,delivered,2025-12-12 00:24:01,2025-12-12 01:17:01,2025-12-15,2025-12-29 00:24:01,2025-12-19 00:24:01,22.56,744.53,1
ORD-1278,1663cf13-0e63-446e-aefc-d29516b9877b,delivered,2026-02-09 02:52:50,2026-02-09 03:35:50,2026-02-10,2026-02-09 02:52:50,2026-02-14 02:52:50,416.87,265.92,1
ORD-1279,432ca15a-0d99-4495-bbf8-9c2c9073c5a4,delivered,2024-02-16 19:51:21,2024-02-16 23:47:21,2024-02-18,2024-03-05 19:51:21,2024-02-25 19:51:21,37.36,68.0,1
ORD-1280,1d6437a0-73b8-4dad-ba48-8505130b4d11,delivered,2024-06-20 01:23:53,2024-06-20 06:13:53,2024-06-22,2024-07-08 01:23:53,2024-07-04 01:23:53,54.63,524.94,3
ORD-1281,eba649c1-4445-4e11-9a41-ec9779778033,delivered,2024-04-24 02:10:13,2024-04-24 04:47:13,2024-04-27,2024-05-07 02:10:13,2024-05-03 02:10:13,105.21,989.53,5
ORD-1282,4d2f7518-6d5f-444b-ba9b-226d260b19b0,delivered,2025-03-29 04:23:59,2025-03-29 05:33:59,2025-03-30,2025-04-08 04:23:59,2025-04-08 04:23:59,493.55,611.39,5
ORD-1283,9629fc32-4b7a-4ae5-a4de-07e653fc94df,delivered,2025-07-09 12:44:42,2025-07-09 17:32:42,2025-07-10,2025-07-25 12:44:42,2025-07-22 12:44:42,137.85,404.12,1
ORD-1284,e540979d-46e2-42db-877d-3a2e6961b0eb,delivered,2024-03-27 21:47:39,2024-03-27 22:48:39,2024-03-30,2024-04-08 21:47:39,2024-04-04 21:47:39,410.81,85.77,1
ORD-1285,fc2c9fec-121d-4dd7-a62a-0ad890c5206d,delivered,2026-01-29 19:33:28,2026-01-29 21:17:28,2026-01-31,2026-02-06 19:33:28,2026-02-04 19:33:28,240.54,766.11,2
ORD-1286,c57c673a-be55-4d8d-a0fe-20eb5ca85b19,delivered,2026-02-04 11:59:03,2026-02-04 16:37:03,2026-02-05,2026-02-12 11:59:03,2026-02-17 11:59:03,297.15,983.0,2
ORD-1287,82bbbfa0-b49e-48c5-857f-736cdeaa1f07,delivered,2025-05-14 17:37:17,2025-05-14 22:01:17,2025-05-16,2025-05-30 17:37:17,2025-05-23 17:37:17,390.12,181.32,3
ORD-1288,ea713253-a6a3-419f-8628-ef4c381a4f09,delivered,2024-12-31 20:23:34,2024-12-31 21:10:34,2025-01-01,2025-01-10 20:23:34,2025-01-07 20:23:34,127.23,414.8,1
ORD-1289,7f572edc-70ee-4224-8164-d7678d3f9b4c,delivered,2025-06-28 23:32:23,2025-06-29 00:14:23,2025-06-30,2025-07-09 23:32:23,2025-07-12 23:32:23,155.26,601.3,4
ORD-1290,2189e2d1-ebd8-4700-acbe-c2515467ed11,delivered,2024-03-02 16:49:06,2024-03-02 19:39:06,2024-03-04,2024-03-15 16:49:06,2024-03-08 16:49:06,214.56,522.9,3
ORD-1291,a49fd0ca-6bab-4e9d-b78e-6363ad0b7366,delivered,2024-10-20 18:47:31,2024-10-20 23:33:31,2024-10-21,2024-10-30 18:47:31,2024-11-02 18:47:31,498.18,294.28,3
ORD-1292,4b404bde-5f4b-4bc8-999c-60c0e734370f,delivered,2025-01-29 13:42:04,2025-01-29 18:28:04,2025-01-30,2025-02-01 13:42:04,2025-02-05 13:42:04,12.47,63.67,4
ORD-1293,0c27eca9-4202-4cf3-8227-5b5edbc06a64,delivered,2024-11-13 23:50:10,2024-11-14 00:16:10,2024-11-15,2024-11-27 23:50:10,2024-11-25 23:50:10,299.35,344.58,3
ORD-1294,874bcda7-dd69-4556-aeda-fc3d59105045,delivered,2025-01-02 05:45:55,2025-01-02 10:29:55,2025-01-05,2025-01-14 05:45:55,2025-01-17 05:45:55,186.63,387.42,4
ORD-1295,cc3a69c6-2ee3-4133-95f0-23c8177a2052,delivered,2024-09-25 12:18:56,2024-09-25 13:55:56,2024-09-28,2024-10-12 12:18:56,2024-10-10 12:18:56,198.2,962.01,1
ORD-1296,a96dd523-fd6f-485f-bc39-602591fcf75b,delivered,2025-05-06 04:37:55,2025-05-06 08:35:55,2025-05-09,2025-05-18 04:37:55,2025-05-15 04:37:55,149.43,610.5,2
ORD-1297,1fcb0361-1fb7-4f3f-8da3-fece28215b28,delivered,2025-07-03 01:13:48,2025-07-03 05:33:48,2025-07-06,2025-07-18 01:13:48,2025-07-15 01:13:48,74.28,514.68,3
ORD-1298,a854ebbf-836b-4906-b6f7-9938d4afa847,delivered,2024-03-30 08:25:25,2024-03-30 10:46:25,2024-04-02,2024-04-12 08:25:25,2024-04-13 08:25:25,118.16,831.51,1
ORD-1299,22095f39-ebe1-4e27-80dd-7087c5437c61,delivered,2024-10-25 12:17:36,2024-10-25 14:56:36,2024-10-27,2024-11-06 12:17:36,2024-11-04 12:17:36,88.32,418.66,2
ORD-1300,cc38c1d1-0a12-48cd-9914-2ed58ce2aa34,delivered,2024-05-06 16:44:47,2024-05-06 18:36:47,2024-05-08,2024-05-16 16:44:47,2024-05-20 16:44:47,494.1,62.12,1
ORD-1301,9ba71e7a-f78a-4a23-bdb3-f57c5477f967,delivered,2025-12-31 22:55:40,2026-01-01 00:34:40,2026-01-01,2026-01-20 22:55:40,2026-01-12 22:55:40,78.54,788.05,3
ORD-1302,e85ac81a-c747-456e-a49f-a3cf48885387,delivered,2024-04-17 15:07:05,2024-04-17 15:28:05,2024-04-19,2024-04-27 15:07:05,2024-04-23 15:07:05,470.09,908.77,2
ORD-1303,b2e2b902-3bf4-4715-97cd-04fa6d22510b,delivered,2024-02-16 09:34:11,2024-02-16 12:02:11,2024-02-19,2024-03-04 09:34:11,2024-03-01 09:34:11,361.5,634.93,2
ORD-1304,a727b4ac-5212-4929-8b91-fb0272a1ab74,delivered,2025-09-27 07:40:28,2025-09-27 07:51:28,2025-09-30,2025-10-12 07:40:28,2025-10-02 07:40:28,213.77,44.59,5
ORD-1305,97e6acae-a05e-4bf7-b7ef-fa400a75b120,delivered,2025-06-12 19:41:16,2025-06-12 21:47:16,2025-06-14,2025-06-22 19:41:16,2025-06-17 19:41:16,259.16,471.65,2
ORD-1306,1520e523-d08c-4107-a3bc-ce1f194652c8,delivered,2025-09-23 09:06:31,2025-09-23 09:19:31,2025-09-25,2025-10-14 09:06:31,2025-10-08 09:06:31,421.5,687.3,1
ORD-1307,8d1ec1ba-5e2d-47c1-9007-6561061942c3,delivered,2025-01-05 10:59:58,2025-01-05 11:25:58,2025-01-08,2025-01-20 10:59:58,2025-01-13 10:59:58,84.48,741.32,2
ORD-1308,185ed059-b2e0-4835-94c4-25172994d399,delivered,2024-07-07 21:55:05,2024-07-08 00:49:05,2024-07-10,2024-07-24 21:55:05,2024-07-18 21:55:05,13.49,981.22,1
ORD-1309,35041ab0-35fe-4764-aa2a-930e9a680ce4,delivered,2024-12-20 12:06:52,2024-12-20 15:25:52,2024-12-22,2024-12-25 12:06:52,2024-12-25 12:06:52,353.83,214.55,5
ORD-1310,c826ca45-f5ad-40d9-8204-0e4aa2d5e550,delivered,2024-03-10 13:55:41,2024-03-10 18:55:41,2024-03-13,2024-03-16 13:55:41,2024-03-18 13:55:41,102.86,499.12,3
ORD-1311,f21aa3dc-1d1e-4c36-8046-9c97c857d46d,delivered,2025-09-07 07:00:02,2025-09-07 11:09:02,2025-09-10,2025-09-19 07:00:02,2025-09-12 07:00:02,400.98,443.23,5
ORD-1312,805781ee-f931-45d3-9b51-de282a2d5f88,delivered,2024-09-06 15:40:32,2024-09-06 16:02:32,2024-09-07,2024-09-14 15:40:32,2024-09-17 15:40:32,397.36,825.42,5
ORD-1313,e834740e-0c53-4abd-a162-1aebbf319ffc,delivered,2024-08-14 11:24:05,2024-08-14 11:36:05,2024-08-16,2024-08-31 11:24:05,2024-08-25 11:24:05,296.64,144.08,5
ORD-1314,ce21282a-f705-4b54-9dc3-d24bd93ad4ac,delivered,2025-01-29 03:40:53,2025-01-29 07:11:53,2025-02-01,2025-02-16 03:40:53,2025-02-07 03:40:53,341.27,21.25,4
ORD-1315,e9f11125-84f2-4474-bdfa-8276816d84c9,delivered,2024-10-22 21:38:47,2024-10-23 02:10:47,2024-10-23,2024-11-07 21:38:47,2024-11-03 21:38:47,355.76,417.91,3
ORD-1316,eeaacdee-e2e9-498b-a3dc-98eb0000d124,delivered,2024-10-26 11:48:26,2024-10-26 13:55:26,2024-10-28,2024-11-04 11:48:26,2024-11-05 11:48:26,158.38,357.44,5
ORD-1317,351dfb82-9a84-42ca-81cb-3f38859cf43b,delivered,2024-11-10 09:58:59,2024-11-10 12:46:59,2024-11-12,2024-11-16 09:58:59,2024-11-18 09:58:59,367.56,560.81,5
ORD-1318,d3b21d01-ae0e-45ec-9bf1-9c7dbcda5c63,delivered,2024-08-12 04:03:57,2024-08-12 06:46:57,2024-08-14,2024-08-27 04:03:57,2024-08-26 04:03:57,457.65,404.44,1
ORD-1319,5a5b4677-e1ff-4751-801a-9b84ae0e88ba,delivered,2024-02-24 19:30:42,2024-02-24 20:26:42,2024-02-25,2024-03-05 19:30:42,2024-03-07 19:30:42,176.5,782.57,2
ORD-1320,e91b26ea-ce2e-43d8-996c-e514f3955f4c,delivered,2025-05-05 16:11:54,2025-05-05 20:57:54,2025-05-08,2025-05-11 16:11:54,2025-05-14 16:11:54,369.96,671.43,2
ORD-1321,eff4197d-f70d-463b-887d-bffa571e57c8,delivered,2025-07-01 01:45:36,2025-07-01 02:27:36,2025-07-02,2025-07-12 01:45:36,2025-07-09 01:45:36,40.85,548.47,4
ORD-1322,3cde7c0c-17a1-4da7-b1d5-7d59f97cdc20,delivered,2024-07-04 20:42:36,2024-07-04 21:59:36,2024-07-05,2024-07-28 20:42:36,2024-07-18 20:42:36,207.36,507.98,2
ORD-1323,1ac15a6b-375f-4328-a703-a821d96d0ddd,delivered,2025-03-29 11:06:06,2025-03-29 15:49:06,2025-03-31,2025-04-11 11:06:06,2025-04-05 11:06:06,406.43,153.5,3
ORD-1324,a068bd2a-374a-4538-b734-27cd59eed020,delivered,2024-07-23 04:31:02,2024-07-23 05:08:02,2024-07-26,2024-08-07 04:31:02,2024-08-01 04:31:02,204.62,943.75,2
ORD-1325,c2f38011-c1e8-4687-9758-e2863f29af29,delivered,2025-08-11 18:38:51,2025-08-11 21:18:51,2025-08-14,2025-08-25 18:38:51,2025-08-21 18:38:51,176.29,88.06,5
ORD-1326,4dd1a9e6-39ea-4ea8-8350-eb6c595e1fc5,delivered,2024-08-16 17:54:10,2024-08-16 20:35:10,2024-08-18,2024-08-30 17:54:10,2024-08-26 17:54:10,366.67,493.67,4
ORD-1327,61511716-05e5-4816-bc2f-1800e65534d6,delivered,2025-11-12 00:34:16,2025-11-12 04:20:16,2025-11-14,2025-11-24 00:34:16,2025-11-17 00:34:16,348.3,383.46,1
ORD-1328,4f04259b-94c1-4653-80c0-8406616243e9,delivered,2024-11-11 02:31:53,2024-11-11 05:16:53,2024-11-14,2024-11-17 02:31:53,2024-11-18 02:31:53,427.54,515.56,1
ORD-1329,6c3d9e6b-0ea5-48df-8f82-c78347799214,delivered,2025-09-18 15:50:57,2025-09-18 17:42:57,2025-09-19,2025-10-06 15:50:57,2025-10-01 15:50:57,96.73,266.17,5
ORD-1330,d5ff2f2d-b984-4126-add5-de399c4fba21,delivered,2024-02-14 17:05:09,2024-02-14 22:05:09,2024-02-16,2024-02-21 17:05:09,2024-02-26 17:05:09,260.31,904.17,2
ORD-1331,986efbbc-ae67-4208-a8f4-99f38c430aa4,delivered,2025-01-17 02:57:28,2025-01-17 07:43:28,2025-01-18,2025-01-30 02:57:28,2025-01-25 02:57:28,345.05,867.13,2
ORD-1332,cfc467ea-82df-46c0-a44b-3f887b6a8c1e,delivered,2025-06-09 20:49:23,2025-06-09 21:02:23,2025-06-10,2025-06-26 20:49:23,2025-06-24 20:49:23,7.62,449.96,1
ORD-1333,dbf09b65-167e-473f-94a8-9e481888a7ef,delivered,2025-01-19 01:59:54,2025-01-19 06:18:54,2025-01-20,2025-02-12 01:59:54,2025-02-02 01:59:54,334.25,31.74,4
ORD-1334,69b36062-ac5e-4ac3-be53-3abf50903a7f,delivered,2024-03-14 12:16:53,2024-03-14 15:10:53,2024-03-16,2024-04-05 12:16:53,2024-03-26 12:16:53,212.37,862.55,3
ORD-1335,c204f9a6-b51e-4c05-82f5-9b676f65d43b,delivered,2024-07-11 16:29:40,2024-07-11 19:38:40,2024-07-12,2024-07-23 16:29:40,2024-07-18 16:29:40,183.28,473.55,1
ORD-1336,996e00b8-7653-499c-a92c-0c98469ae21b,delivered,2024-05-29 22:37:27,2024-05-29 23:07:27,2024-05-30,2024-05-31 22:37:27,2024-06-05 22:37:27,246.71,853.31,3
ORD-1337,0b2d2c58-138b-40eb-8313-5edc4deb9c4b,delivered,2025-11-01 09:35:18,2025-11-01 13:26:18,2025-11-04,2025-11-17 09:35:18,2025-11-13 09:35:18,347.69,746.91,5
ORD-1338,bb15e8b3-2e0f-47af-93d2-2d371c80ace9,delivered,2024-07-13 04:22:56,2024-07-13 08:53:56,2024-07-15,2024-07-16 04:22:56,2024-07-20 04:22:56,433.85,267.61,1
ORD-1339,9e7e42b3-c1b0-4cd8-b675-588d5c360ccb,delivered,2024-04-20 07:01:46,2024-04-20 11:21:46,2024-04-21,2024-05-02 07:01:46,2024-04-29 07:01:46,365.45,718.22,2
ORD-1340,bae1ac6f-9be0-495f-9443-7d943437d078,delivered,2024-03-28 14:10:25,2024-03-28 18:17:25,2024-03-30,2024-04-14 14:10:25,2024-04-07 14:10:25,207.24,642.9,5
ORD-1341,a69f3dd8-7633-4d33-808e-9a5b4e9258e4,delivered,2025-07-02 21:22:11,2025-07-03 01:16:11,2025-07-05,2025-07-24 21:22:11,2025-07-16 21:22:11,21.3,666.49,4
ORD-1342,cee209b6-6821-40c4-80cc-f3f87f4e94dd,delivered,2025-09-22 03:05:51,2025-09-22 06:53:51,2025-09-23,2025-09-27 03:05:51,2025-09-29 03:05:51,352.13,419.24,1
ORD-1343,f7cee0c5-d63e-42b9-b41b-0216228e6e5d,delivered,2025-09-12 01:18:41,2025-09-12 05:33:41,2025-09-15,2025-09-26 01:18:41,2025-09-23 01:18:41,412.66,182.31,2
ORD-1344,a31146bb-465d-4e78-bbfc-2338d840ca46,delivered,2025-02-01 09:47:26,2025-02-01 12:00:26,2025-02-04,2025-02-19 09:47:26,2025-02-16 09:47:26,435.08,761.47,5
ORD-1345,aea29c02-6fa6-4eeb-a020-bc497f1b9103,delivered,2024-10-26 01:30:36,2024-10-26 02:57:36,2024-10-27,2024-11-11 01:30:36,2024-11-04 01:30:36,424.83,798.63,1
ORD-1346,05bd6068-c82f-445e-8904-941b404b23ec,delivered,2024-03-20 20:16:15,2024-03-20 21:48:15,2024-03-21,2024-03-31 20:16:15,2024-04-01 20:16:15,66.32,38.32,4
ORD-1347,02b9c8b9-02ac-44c7-bd8b-1df8575651a1,delivered,2024-05-29 06:11:58,2024-05-29 06:59:58,2024-05-30,2024-06-12 06:11:58,2024-06-10 06:11:58,484.65,952.89,2
ORD-1348,75ece103-8ce2-4476-9c65-1b37ff96d168,delivered,2024-09-01 00:19:41,2024-09-01 04:33:41,2024-09-04,2024-09-13 00:19:41,2024-09-14 00:19:41,403.3,735.54,2
ORD-1349,3e2d6ccd-91ee-4a5f-8b94-344615b6f5d3,delivered,2025-02-07 16:34:34,2025-02-07 20:37:34,2025-02-09,2025-02-28 16:34:34,2025-02-19 16:34:34,385.93,749.41,2
ORD-1350,b1dfd8ce-9d23-49ca-87fc-8609fd74ccd7,delivered,2025-04-30 09:45:10,2025-04-30 11:06:10,2025-05-03,2025-05-08 09:45:10,2025-05-08 09:45:10,442.18,575.53,3
ORD-1351,a8e298c4-a54c-440f-b175-8730d102a1be,delivered,2025-10-12 14:48:23,2025-10-12 19:34:23,2025-10-13,2025-10-23 14:48:23,2025-10-21 14:48:23,154.9,452.08,3
ORD-1352,3b592420-1aff-4e43-b36b-dcc0355154f8,delivered,2025-06-26 16:48:48,2025-06-26 21:29:48,2025-06-28,2025-07-06 16:48:48,2025-07-10 16:48:48,175.86,445.08,5
ORD-1353,5fe0103b-368c-4b59-930f-99d85855b8fd,delivered,2024-11-01 21:31:27,2024-11-01 22:14:27,2024-11-03,2024-11-16 21:31:27,2024-11-14 21:31:27,474.77,453.24,5
ORD-1354,dec7a480-2369-4e53-a325-39c1518ca783,delivered,2024-10-12 19:10:24,2024-10-12 23:24:24,2024-10-13,2024-10-13 19:10:24,2024-10-18 19:10:24,266.18,224.23,1
ORD-1355,14628384-c59f-4f4c-87ca-f18de83bb5de,delivered,2025-11-05 08:13:18,2025-11-05 08:48:18,2025-11-07,2025-11-10 08:13:18,2025-11-15 08:13:18,43.16,919.34,3
ORD-1356,90f4d909-95f8-4610-adee-9138a90c0ac5,delivered,2024-05-26 08:03:33,2024-05-26 11:31:33,2024-05-29,2024-06-14 08:03:33,2024-06-04 08:03:33,221.27,636.81,1
ORD-1357,14b95a1d-1665-419e-8ce1-96db1cfc02bc,delivered,2024-06-01 22:58:37,2024-06-02 02:52:37,2024-06-02,2024-06-17 22:58:37,2024-06-13 22:58:37,377.93,219.64,3
ORD-1358,41d35308-22cc-4706-8b71-e05c8eaaea1d,delivered,2025-11-12 03:15:19,2025-11-12 05:01:19,2025-11-13,2025-11-22 03:15:19,2025-11-24 03:15:19,128.36,464.77,2
ORD-1359,ca964805-5695-4ce4-adb3-b98e57edd98f,delivered,2024-11-19 06:23:43,2024-11-19 07:46:43,2024-11-21,2024-11-28 06:23:43,2024-11-27 06:23:43,234.0,39.15,1
ORD-1360,96b54e43-b18b-4b4d-9b0c-35b4bee0187d,delivered,2025-07-13 20:05:51,2025-07-13 21:49:51,2025-07-15,2025-07-26 20:05:51,2025-07-24 20:05:51,85.29,296.04,2
ORD-1361,c2d36a76-af89-4bae-ba41-38aee3e6baed,delivered,2024-04-16 15:20:51,2024-04-16 19:01:51,2024-04-19,2024-04-30 15:20:51,2024-04-30 15:20:51,499.49,480.64,3
ORD-1362,278c859a-e96b-4e4c-9000-afada733c7f5,delivered,2024-11-01 01:35:19,2024-11-01 01:46:19,2024-11-04,2024-11-18 01:35:19,2024-11-15 01:35:19,70.9,297.4,5
ORD-1363,7494bb35-31be-45d7-9072-47b62a6c32ff,delivered,2025-05-11 07:04:17,2025-05-11 09:46:17,2025-05-12,2025-05-21 07:04:17,2025-05-26 07:04:17,376.91,369.87,4
ORD-1364,a3db5bcc-6249-4080-af3d-b9c072ad46c3,delivered,2025-09-06 04:14:34,2025-09-06 08:47:34,2025-09-08,2025-09-18 04:14:34,2025-09-16 04:14:34,363.45,329.44,5
ORD-1365,6d3836bd-a3ca-48f0-83de-746e8f96a861,delivered,2024-07-18 20:32:03,2024-07-18 21:59:03,2024-07-20,2024-07-19 20:32:03,2024-07-23 20:32:03,281.16,441.81,5
ORD-1366,e9283d0a-c6aa-41ea-ad6c-97c78aa3dbac,delivered,2025-11-23 07:14:19,2025-11-23 11:11:19,2025-11-24,2025-11-29 07:14:19,2025-12-01 07:14:19,141.16,998.52,2
ORD-1367,d57fb50f-5813-492d-91b3-7261b34b9b0b,delivered,2025-07-11 03:38:24,2025-07-11 04:03:24,2025-07-12,2025-08-04 03:38:24,2025-07-25 03:38:24,314.54,814.0,2
ORD-1368,614fbf2b-6db3-4ad7-9b59-f3407bdfb727,delivered,2025-12-15 06:13:52,2025-12-15 06:43:52,2025-12-18,2025-12-31 06:13:52,2025-12-23 06:13:52,128.77,825.26,2
ORD-1369,738900a3-a309-4479-b8e7-47ff84a6e27e,delivered,2025-02-13 00:47:32,2025-02-13 04:56:32,2025-02-14,2025-03-01 00:47:32,2025-02-26 00:47:32,137.46,544.81,5
ORD-1370,4f92a1e6-c1f0-486d-8c7e-0fa0f3a73e2a,delivered,2025-08-19 16:35:31,2025-08-19 21:30:31,2025-08-22,2025-08-26 16:35:31,2025-08-29 16:35:31,170.26,618.26,3
ORD-1371,584184e6-285b-49b5-804c-0a82fc09e291,delivered,2024-04-06 16:16:13,2024-04-06 16:45:13,2024-04-09,2024-04-13 16:16:13,2024-04-11 16:16:13,305.19,473.15,3
ORD-1372,cce9aa98-4cef-4209-9d5d-b9e949960aab,delivered,2024-02-18 23:14:32,2024-02-19 00:28:32,2024-02-20,2024-02-22 23:14:32,2024-02-23 23:14:32,427.43,601.94,1
ORD-1373,d10a2fc7-811e-43f3-bf41-9d2e9d3ce494,delivered,2025-01-17 19:02:26,2025-01-17 22:27:26,2025-01-20,2025-02-04 19:02:26,2025-01-29 19:02:26,469.83,535.17,1
ORD-1374,43608468-7992-4705-aff3-91b3a18907b0,delivered,2024-10-01 11:15:34,2024-10-01 13:50:34,2024-10-04,2024-10-19 11:15:34,2024-10-11 11:15:34,380.81,392.57,4
ORD-1375,0cf6bdbe-3969-4fa7-a15e-0336645682bf,delivered,2024-08-15 05:07:10,2024-08-15 06:38:10,2024-08-17,2024-09-03 05:07:10,2024-08-24 05:07:10,416.63,197.41,5
ORD-1376,2a0b5900-3295-4120-9e32-dd9911012561,delivered,2024-09-07 07:38:34,2024-09-07 07:54:34,2024-09-09,2024-09-18 07:38:34,2024-09-14 07:38:34,301.52,909.15,3
ORD-1377,1f5d5533-ceb9-4794-9e10-79156a7f1a74,delivered,2025-11-13 16:44:49,2025-11-13 18:49:49,2025-11-15,2025-11-27 16:44:49,2025-11-19 16:44:49,374.08,509.88,5
ORD-1378,3dbc03d8-a6bb-46a8-b68a-54ff41691fc3,delivered,2024-02-23 14:51:21,2024-02-23 17:39:21,2024-02-24,2024-03-06 14:51:21,2024-03-03 14:51:21,320.19,104.49,4
ORD-1379,62438a40-e108-45ce-a343-fb15c73b5b39,delivered,2024-07-31 12:51:31,2024-07-31 13:12:31,2024-08-02,2024-08-05 12:51:31,2024-08-06 12:51:31,498.57,350.3,3
ORD-1380,aa1cb8ce-311c-4754-98ee-93b0ca9612a2,delivered,2025-11-07 16:08:53,2025-11-07 16:49:53,2025-11-09,2025-12-02 16:08:53,2025-11-22 16:08:53,158.9,692.1,3
ORD-1381,51c945a8-e3e2-4314-b1ff-238a4541292e,delivered,2025-05-13 20:14:34,2025-05-13 22:55:34,2025-05-15,2025-05-24 20:14:34,2025-05-27 20:14:34,184.98,79.56,4
ORD-1382,1530f601-ee1f-4be7-97b5-d6a9fcf33cae,delivered,2024-08-30 04:20:35,2024-08-30 06:57:35,2024-09-02,2024-09-15 04:20:35,2024-09-09 04:20:35,170.75,274.44,2
ORD-1383,a1275209-375e-4f25-876f-5aac2f12aac3,delivered,2025-08-07 21:31:04,2025-08-08 01:01:04,2025-08-08,2025-08-14 21:31:04,2025-08-12 21:31:04,376.91,265.07,1
ORD-1384,c4a63491-7a71-49ac-9e19-7f9dafedbb06,delivered,2024-11-03 20:40:30,2024-11-03 23:01:30,2024-11-05,2024-11-16 20:40:30,2024-11-11 20:40:30,81.91,646.33,3
ORD-1385,de256d8a-61b1-4fe6-aa47-b33f79175c86,delivered,2025-04-19 20:06:58,2025-04-19 23:08:58,2025-04-20,2025-05-04 20:06:58,2025-04-26 20:06:58,274.11,580.09,3
ORD-1386,dc830655-7da3-4ba8-806e-48460be8f545,delivered,2025-03-25 23:57:20,2025-03-26 04:24:20,2025-03-28,2025-04-08 23:57:20,2025-04-07 23:57:20,466.95,354.33,4
ORD-1387,327605e2-6237-41fc-8fba-61783b2d0007,delivered,2025-10-16 21:47:20,2025-10-16 23:48:20,2025-10-17,2025-10-23 21:47:20,2025-10-27 21:47:20,13.29,621.39,2
ORD-1388,1e12f627-97fd-4be9-b2c9-cc1c658d350b,delivered,2025-06-26 09:35:00,2025-06-26 14:28:00,2025-06-28,2025-07-07 09:35:00,2025-07-11 09:35:00,426.99,241.34,2
ORD-1389,218b272b-8971-4428-8156-cb2c369be7ea,delivered,2025-07-12 21:38:07,2025-07-13 00:11:07,2025-07-15,2025-07-28 21:38:07,2025-07-20 21:38:07,98.84,562.91,1
ORD-1390,9033c543-b6b4-46d2-b145-1921e45f6faf,delivered,2025-10-04 19:38:40,2025-10-04 23:52:40,2025-10-06,2025-10-22 19:38:40,2025-10-15 19:38:40,313.96,729.77,2
ORD-1391,4510dd4f-f5b4-4326-9d17-fb24a168e862,delivered,2024-12-30 03:13:03,2024-12-30 05:09:03,2025-01-02,2025-01-11 03:13:03,2025-01-08 03:13:03,13.75,710.17,1
ORD-1392,77a40959-ff46-4577-9109-dfd46fe5444d,delivered,2024-05-25 12:04:14,2024-05-25 14:09:14,2024-05-27,2024-06-08 12:04:14,2024-06-07 12:04:14,273.22,231.96,1
ORD-1393,ce324e4c-90ee-46d5-84ea-5eb0ca8bc755,delivered,2025-03-13 15:56:26,2025-03-13 20:14:26,2025-03-14,2025-03-18 15:56:26,2025-03-22 15:56:26,39.1,297.76,2
ORD-1394,d3a14247-0a45-45b2-88ae-0aac3c9751a6,delivered,2025-09-10 22:19:16,2025-09-11 02:46:16,2025-09-13,2025-09-13 22:19:16,2025-09-16 22:19:16,407.36,495.19,4
ORD-1395,de55a4df-814b-43b0-89d3-e96bb5dceeb7,delivered,2025-04-14 21:37:01,2025-04-14 22:41:01,2025-04-15,2025-04-29 21:37:01,2025-04-19 21:37:01,85.89,346.64,3
ORD-1396,ce25cd63-eb5d-4957-80c3-08447b88fd65,delivered,2025-04-19 12:56:56,2025-04-19 13:21:56,2025-04-20,2025-05-12 12:56:56,2025-05-04 12:56:56,386.36,38.9,2
ORD-1397,4fe29355-fff8-49c7-be30-e5715646b16f,delivered,2025-04-17 18:12:24,2025-04-17 20:15:24,2025-04-18,2025-04-21 18:12:24,2025-04-24 18:12:24,359.86,271.47,2
ORD-1398,55d9e820-104c-4a4d-9bdb-731d26165c21,delivered,2025-06-26 22:00:43,2025-06-26 23:22:43,2025-06-27,2025-07-05 22:00:43,2025-07-06 22:00:43,146.6,578.8,5
ORD-1399,4f21b013-f112-4142-aea8-f976c175a65d,delivered,2025-12-08 09:29:43,2025-12-08 13:36:43,2025-12-09,2025-12-19 09:29:43,2025-12-14 09:29:43,307.62,168.23,4
ORD-1400,026b18ad-3244-4db1-a0e4-4141e7e51500,delivered,2025-09-03 04:22:47,2025-09-03 06:15:47,2025-09-04,2025-09-18 04:22:47,2025-09-16 04:22:47,418.19,545.1,1
ORD-1401,e385e349-0eec-4dc7-bc52-ced353a3a442,delivered,2025-07-15 08:30:33,2025-07-15 08:54:33,2025-07-17,2025-08-02 08:30:33,2025-07-28 08:30:33,308.66,831.2,2
ORD-1402,0dffc2a8-9894-4d65-ad9d-6d7fee34c0d1,delivered,2024-05-19 11:44:46,2024-05-19 14:14:46,2024-05-21,2024-05-29 11:44:46,2024-05-31 11:44:46,154.0,705.36,3
ORD-1403,ca4c2df0-d675-4a70-9514-2d2fa8fd0d00,delivered,2025-06-10 18:32:45,2025-06-10 21:44:45,2025-06-12,2025-06-20 18:32:45,2025-06-16 18:32:45,278.16,955.97,1
ORD-1404,10f803ed-dc00-4c4f-967c-361c04913739,delivered,2025-11-19 10:13:26,2025-11-19 14:23:26,2025-11-21,2025-11-26 10:13:26,2025-12-01 10:13:26,422.26,971.99,1
ORD-1405,14e7b128-2a38-4245-b706-7915c4c05ecd,delivered,2024-03-12 02:57:11,2024-03-12 04:43:11,2024-03-13,2024-03-18 02:57:11,2024-03-17 02:57:11,225.76,159.02,5
ORD-1406,2a4f5e3c-f5e3-4851-8dee-7ad0255e4137,delivered,2024-11-24 02:37:58,2024-11-24 03:01:58,2024-11-25,2024-12-08 02:37:58,2024-12-04 02:37:58,205.55,904.58,1
ORD-1407,21f6a3fb-6286-4f1a-ac98-cf3d9323d124,delivered,2024-07-31 22:43:03,2024-07-31 23:05:03,2024-08-03,2024-08-08 22:43:03,2024-08-05 22:43:03,376.11,542.44,1
ORD-1408,8eb7b83b-9ada-47ee-bbf6-0a96e694475d,delivered,2026-01-23 09:31:14,2026-01-23 09:41:14,2026-01-24,2026-02-13 09:31:14,2026-02-04 09:31:14,238.86,724.75,4
ORD-1409,2ba523a5-e85a-4989-81db-18946c5debca,delivered,2024-10-27 12:32:47,2024-10-27 15:26:47,2024-10-29,2024-11-04 12:32:47,2024-11-04 12:32:47,282.16,685.16,2
ORD-1410,a93a9171-fdcc-4714-a96a-7e1949bca9f0,delivered,2025-07-03 04:12:36,2025-07-03 07:41:36,2025-07-04,2025-07-11 04:12:36,2025-07-09 04:12:36,417.39,692.4,4
ORD-1411,554f0dc4-226a-432f-af39-9d9310b3f5a5,delivered,2025-10-09 17:18:57,2025-10-09 19:21:57,2025-10-12,2025-10-19 17:18:57,2025-10-17 17:18:57,476.29,396.34,3
ORD-1412,c7fe53cc-54ef-4179-98f3-777c940254e3,delivered,2024-10-08 12:15:35,2024-10-08 13:45:35,2024-10-10,2024-10-25 12:15:35,2024-10-21 12:15:35,268.91,358.39,4
ORD-1413,c9dde7da-e878-45b2-ac6c-443132b6adfe,delivered,2025-05-03 22:49:14,2025-05-04 00:28:14,2025-05-04,2025-05-13 22:49:14,2025-05-11 22:49:14,472.55,160.29,2
ORD-1414,c18cec87-8ea9-4110-9dff-2f2efa04fdf4,delivered,2024-07-21 11:58:13,2024-07-21 14:51:13,2024-07-24,2024-08-01 11:58:13,2024-08-05 11:58:13,354.91,759.96,5
ORD-1415,27288e2f-f570-4090-914f-f22ee626ff97,delivered,2025-01-24 13:24:57,2025-01-24 16:41:57,2025-01-26,2025-02-14 13:24:57,2025-02-04 13:24:57,71.73,91.53,1
ORD-1416,559140c1-04c2-4a33-8ee2-d127dd65d318,delivered,2025-03-06 03:15:07,2025-03-06 04:23:07,2025-03-08,2025-03-19 03:15:07,2025-03-13 03:15:07,136.44,729.47,5
ORD-1417,49744df5-bdca-43ca-8cd3-85100c5eab3f,delivered,2025-11-12 01:25:45,2025-11-12 02:58:45,2025-11-13,2025-11-24 01:25:45,2025-11-20 01:25:45,369.02,362.7,3
ORD-1418,a6cfc77f-fbf6-48a9-92f4-fffe75ac5f94,delivered,2024-05-16 23:06:08,2024-05-17 02:31:08,2024-05-19,2024-05-25 23:06:08,2024-05-27 23:06:08,238.23,912.6,5
ORD-1419,44cfe891-8238-4b6b-8601-f3c97e243301,delivered,2024-04-12 15:29:46,2024-04-12 18:13:46,2024-04-14,2024-04-14 15:29:46,2024-04-19 15:29:46,496.99,445.83,3
ORD-1420,b421e941-a276-4538-ad34-2abf907f396d,delivered,2025-10-30 16:46:51,2025-10-30 18:59:51,2025-11-01,2025-11-07 16:46:51,2025-11-07 16:46:51,229.56,336.96,5
ORD-1421,cc0ee454-2ebc-4f03-b762-19b00c20909d,delivered,2025-05-24 21:17:36,2025-05-25 02:00:36,2025-05-27,2025-06-01 21:17:36,2025-06-02 21:17:36,230.35,507.33,1
ORD-1422,a94cdbd5-51ac-468f-80b0-28c931219f59,delivered,2025-05-28 22:15:56,2025-05-28 23:15:56,2025-05-30,2025-05-31 22:15:56,2025-06-03 22:15:56,93.68,806.16,4
ORD-1423,29bf0cde-1c3d-408c-ad1b-9f3d7c23ab2c,delivered,2024-06-19 21:06:53,2024-06-19 22:18:53,2024-06-21,2024-06-30 21:06:53,2024-06-24 21:06:53,132.77,522.88,3
ORD-1424,4a69125d-eca1-46a2-9a2b-52ccd85cf964,delivered,2024-06-07 04:50:49,2024-06-07 07:59:49,2024-06-08,2024-06-25 04:50:49,2024-06-16 04:50:49,20.73,692.26,3
ORD-1425,8bd60870-2cf6-4864-aaab-af3fef00a16b,delivered,2025-01-29 09:04:30,2025-01-29 09:19:30,2025-01-30,2025-02-13 09:04:30,2025-02-06 09:04:30,197.42,77.93,3
ORD-1426,570585a2-8a36-4e21-bb9a-01e471a98dee,delivered,2024-05-14 15:03:25,2024-05-14 19:24:25,2024-05-17,2024-06-03 15:03:25,2024-05-26 15:03:25,257.41,249.47,5
ORD-1427,0881abe6-105e-4ce0-8678-c2235baca4f2,delivered,2024-12-01 16:57:23,2024-12-01 18:59:23,2024-12-03,2024-12-16 16:57:23,2024-12-09 16:57:23,317.36,168.96,2
ORD-1428,88629faf-2267-46a5-a010-52950f23b065,delivered,2024-10-16 12:41:38,2024-10-16 16:05:38,2024-10-17,2024-11-09 12:41:38,2024-10-31 12:41:38,317.29,125.71,4
ORD-1429,30ed7efa-a0df-42d0-a6e4-745fce99a19a,delivered,2025-01-26 04:16:43,2025-01-26 04:39:43,2025-01-28,2025-02-17 04:16:43,2025-02-08 04:16:43,127.46,586.87,2
ORD-1430,9f9d8ced-6c30-456d-b0d4-9b27a76386af,delivered,2025-07-26 03:47:53,2025-07-26 08:41:53,2025-07-29,2025-08-04 03:47:53,2025-08-03 03:47:53,278.21,369.89,4
ORD-1431,a5418dec-c5a2-473c-a766-da710d1cdc2f,delivered,2024-06-01 09:37:09,2024-06-01 14:16:09,2024-06-03,2024-06-09 09:37:09,2024-06-09 09:37:09,370.26,971.68,1
ORD-1432,6e6b3bd0-8ec1-4633-b161-2877a61f0e5e,delivered,2024-07-26 03:15:23,2024-07-26 04:42:23,2024-07-28,2024-08-02 03:15:23,2024-08-02 03:15:23,434.04,68.42,2
ORD-1433,a7a83d99-5728-4a24-8ab7-f00220f85ef3,delivered,2024-11-07 00:54:48,2024-11-07 01:49:48,2024-11-10,2024-11-17 00:54:48,2024-11-13 00:54:48,317.57,456.48,5
ORD-1434,00f9ac19-0aee-4650-9b96-6789ef1efc31,delivered,2025-11-15 09:07:15,2025-11-15 13:06:15,2025-11-16,2025-11-29 09:07:15,2025-11-24 09:07:15,359.39,227.35,4
ORD-1435,02fd277e-a8ef-4cd1-9e25-1535c4f7fc55,delivered,2025-12-01 15:24:55,2025-12-01 20:05:55,2025-12-03,2025-12-05 15:24:55,2025-12-06 15:24:55,203.06,762.96,3
ORD-1436,2cb3856e-aa74-44c9-af82-160101d452f6,delivered,2025-07-18 20:18:37,2025-07-18 22:38:37,2025-07-21,2025-07-24 20:18:37,2025-07-27 20:18:37,258.61,748.48,5
ORD-1437,389adadb-8369-4d98-a17f-a5d476ffe2ac,delivered,2024-04-11 23:02:11,2024-04-12 00:33:11,2024-04-13,2024-04-25 23:02:11,2024-04-17 23:02:11,104.35,302.47,1
ORD-1438,b3b4747f-cdf6-4613-a639-da8786558170,delivered,2025-09-22 09:12:07,2025-09-22 13:02:07,2025-09-24,2025-10-13 09:12:07,2025-10-03 09:12:07,362.91,685.81,3
ORD-1439,96d803f1-2712-4719-9c12-35b267996a5a,delivered,2024-10-10 03:00:54,2024-10-10 06:13:54,2024-10-11,2024-10-30 03:00:54,2024-10-23 03:00:54,377.27,139.52,3
ORD-1440,ae8b438c-1730-42bf-8177-238c61e2bcda,delivered,2024-09-23 19:21:43,2024-09-23 20:28:43,2024-09-26,2024-10-06 19:21:43,2024-10-04 19:21:43,377.54,182.48,3
ORD-1441,b9d7d556-020e-4010-81fb-625aa2731b66,delivered,2025-10-23 04:42:44,2025-10-23 06:50:44,2025-10-25,2025-11-12 04:42:44,2025-11-06 04:42:44,140.46,748.86,3
ORD-1442,bfb551cf-05a3-4b34-86af-badedb9e8d70,delivered,2024-09-07 06:19:02,2024-09-07 09:48:02,2024-09-09,2024-09-17 06:19:02,2024-09-15 06:19:02,257.29,71.28,4
ORD-1443,e9978197-8e7e-4137-b5b7-eacecb1daa88,delivered,2025-06-04 21:12:02,2025-06-04 23:31:02,2025-06-05,2025-06-06 21:12:02,2025-06-11 21:12:02,489.4,518.31,3
ORD-1444,87360b1a-375a-4ee3-88db-c96ff45b3ff3,delivered,2025-06-14 09:45:01,2025-06-14 14:14:01,2025-06-15,2025-06-19 09:45:01,2025-06-20 09:45:01,355.75,591.71,3
ORD-1445,6585f600-48f8-4628-a1d0-d5e5bb3e3d50,delivered,2024-02-23 14:58:39,2024-02-23 19:06:39,2024-02-26,2024-03-06 14:58:39,2024-03-04 14:58:39,248.7,171.43,5
ORD-1446,e01c2a14-faf1-418f-9119-8bee734176d3,delivered,2025-03-23 20:05:02,2025-03-23 22:18:02,2025-03-26,2025-03-31 20:05:02,2025-04-01 20:05:02,167.81,765.73,1
ORD-1447,1257e661-0d52-49dc-8f48-1550ff4e357a,delivered,2024-03-23 20:03:03,2024-03-24 01:00:03,2024-03-25,2024-03-30 20:03:03,2024-03-30 20:03:03,112.27,439.02,3
ORD-1448,6ca6921a-253a-4427-9668-9e98e1caeaaf,delivered,2025-06-19 03:12:25,2025-06-19 07:06:25,2025-06-22,2025-06-28 03:12:25,2025-06-26 03:12:25,172.89,523.43,3
ORD-1449,697ccc8a-6868-4d44-b00a-9ac6c53e0c4f,delivered,2024-06-09 06:01:19,2024-06-09 06:22:19,2024-06-12,2024-06-23 06:01:19,2024-06-19 06:01:19,107.22,936.08,2
ORD-1450,63bce61d-1103-4a58-bcf8-599e429f4b24,delivered,2025-10-05 02:22:48,2025-10-05 06:47:48,2025-10-07,2025-10-14 02:22:48,2025-10-11 02:22:48,48.62,860.76,5
ORD-1451,2c0885cc-4692-4d6e-aae5-8c0284bfac19,delivered,2024-11-08 23:47:42,2024-11-09 00:26:42,2024-11-11,2024-11-21 23:47:42,2024-11-20 23:47:42,190.21,272.11,5
ORD-1452,9094a5ad-70f5-4071-b279-988a8f4779a0,delivered,2024-10-02 05:11:58,2024-10-02 08:47:58,2024-10-03,2024-10-12 05:11:58,2024-10-17 05:11:58,238.5,578.86,3
ORD-1453,6ce4c58a-e663-4d0b-a8e9-1c704a002dfd,delivered,2024-08-18 10:55:43,2024-08-18 14:20:43,2024-08-21,2024-08-29 10:55:43,2024-09-02 10:55:43,472.26,850.34,5
ORD-1454,8f95e745-819e-4cdf-afcc-a03f5a34f37d,delivered,2025-10-19 12:57:33,2025-10-19 17:42:33,2025-10-22,2025-11-04 12:57:33,2025-10-30 12:57:33,331.44,71.74,4
ORD-1455,53ff6346-ff98-480a-bc40-8bf5652dafa6,delivered,2024-08-03 22:54:08,2024-08-04 02:50:08,2024-08-04,2024-08-06 22:54:08,2024-08-10 22:54:08,157.64,835.56,2
ORD-1456,a97e1063-aaa8-42c1-bae0-8c02ed87ccb2,delivered,2024-06-10 16:00:10,2024-06-10 20:14:10,2024-06-11,2024-06-16 16:00:10,2024-06-17 16:00:10,370.4,786.36,4
ORD-1457,713f8853-53e3-4e03-9c58-725e91e3184f,delivered,2025-08-24 16:24:19,2025-08-24 21:11:19,2025-08-27,2025-09-11 16:24:19,2025-09-05 16:24:19,379.39,511.42,4
ORD-1458,a11184d9-c451-44c9-89d1-75141c896889,delivered,2025-04-18 09:47:30,2025-04-18 11:25:30,2025-04-21,2025-04-29 09:47:30,2025-04-23 09:47:30,11.39,531.39,3
ORD-1459,c4095d8c-a7d2-49d9-8f8e-199f3186b903,delivered,2024-09-24 02:26:53,2024-09-24 06:00:53,2024-09-25,2024-10-05 02:26:53,2024-10-04 02:26:53,241.87,532.63,5
ORD-1460,64cf2744-9e3e-4c79-b450-d34129018b97,delivered,2024-09-28 04:20:39,2024-09-28 04:30:39,2024-09-30,2024-10-11 04:20:39,2024-10-08 04:20:39,217.68,865.45,2
ORD-1461,675d5b4f-3d72-4f50-8fb2-09b91d81fdc9,delivered,2025-12-19 04:45:15,2025-12-19 08:47:15,2025-12-22,2025-12-28 04:45:15,2025-12-27 04:45:15,181.28,173.19,5
ORD-1462,dcd31a1a-8134-4a95-a838-a729e175bd4d,delivered,2024-08-13 03:16:07,2024-08-13 03:35:07,2024-08-14,2024-08-20 03:16:07,2024-08-23 03:16:07,77.59,890.27,5
ORD-1463,35b5b0bc-9667-41b6-a868-be7527cf8e06,delivered,2025-12-26 17:40:44,2025-12-26 18:58:44,2025-12-28,2026-01-04 17:40:44,2026-01-07 17:40:44,445.59,825.37,5
ORD-1464,9603442a-e4d0-4fd9-b872-011566d57797,delivered,2024-07-18 02:10:18,2024-07-18 06:09:18,2024-07-19,2024-07-30 02:10:18,2024-07-23 02:10:18,402.78,647.16,1
ORD-1465,044677fb-2728-4c6c-b6aa-45a754d38c1c,delivered,2025-01-01 22:29:01,2025-01-01 23:34:01,2025-01-03,2025-01-13 22:29:01,2025-01-08 22:29:01,285.3,721.36,4
ORD-1466,d613a5d8-b077-4f7c-83ef-3b097e1ecf3f,delivered,2025-07-07 23:55:21,2025-07-08 03:50:21,2025-07-08,2025-07-24 23:55:21,2025-07-19 23:55:21,363.24,316.0,3
ORD-1467,edb0c587-a738-4e49-b2c6-607df957d322,delivered,2025-11-18 02:36:05,2025-11-18 06:42:05,2025-11-19,2025-11-28 02:36:05,2025-12-01 02:36:05,454.64,463.37,1
ORD-1468,478f690d-e85d-4935-9b82-794e6862925f,delivered,2024-07-09 15:47:26,2024-07-09 20:28:26,2024-07-10,2024-07-16 15:47:26,2024-07-21 15:47:26,366.35,973.29,3
ORD-1469,dd71f314-03d7-4790-9c7a-f94dda4d01d7,delivered,2024-11-09 07:51:50,2024-11-09 11:44:50,2024-11-12,2024-11-27 07:51:50,2024-11-20 07:51:50,181.67,594.78,4
ORD-1470,0923388f-2649-4770-b34c-522899d74439,delivered,2024-11-07 22:59:26,2024-11-08 01:09:26,2024-11-10,2024-11-13 22:59:26,2024-11-18 22:59:26,287.62,781.3,2
ORD-1471,c065a6b1-6a90-40b1-a32f-8005e8f79666,delivered,2025-06-12 16:20:03,2025-06-12 19:13:03,2025-06-13,2025-06-18 16:20:03,2025-06-22 16:20:03,96.03,881.31,5
ORD-1472,440ebdc7-76f7-4f20-8f35-e35bb55bdc22,delivered,2026-01-10 11:56:17,2026-01-10 15:02:17,2026-01-12,2026-01-29 11:56:17,2026-01-21 11:56:17,231.64,690.1,3
ORD-1473,f9711e3c-f8a6-4fa0-859f-ea9b1b9b2d59,delivered,2024-09-20 10:34:09,2024-09-20 10:50:09,2024-09-23,2024-10-06 10:34:09,2024-09-27 10:34:09,281.95,813.46,5
ORD-1474,ee7015f5-819b-4e17-be12-6fef7548516c,delivered,2024-12-27 08:42:34,2024-12-27 11:42:34,2024-12-28,2025-01-17 08:42:34,2025-01-09 08:42:34,287.42,262.47,5
ORD-1475,0cdae208-17bf-4893-8187-26e17bcefbec,delivered,2025-06-01 06:26:16,2025-06-01 08:29:16,2025-06-03,2025-06-20 06:26:16,2025-06-15 06:26:16,30.94,368.85,3
ORD-1476,73d3733c-3c16-4409-a164-cac4e802d314,delivered,2024-10-01 19:22:23,2024-10-01 22:01:23,2024-10-03,2024-10-13 19:22:23,2024-10-15 19:22:23,329.41,97.66,3
ORD-1477,1a7aeab6-aa4a-44e3-9b39-1d2c6195b96d,delivered,2024-03-09 17:11:09,2024-03-09 19:42:09,2024-03-10,2024-03-17 17:11:09,2024-03-16 17:11:09,188.35,701.57,3
ORD-1478,105fcb10-ffb1-49a7-95fb-f5959173bf0b,delivered,2025-12-09 06:54:03,2025-12-09 10:06:03,2025-12-10,2025-12-19 06:54:03,2025-12-15 06:54:03,219.07,533.25,4
ORD-1479,aaac1873-790a-436d-a14f-cb1b6d1c56ea,delivered,2024-09-27 22:42:07,2024-09-28 02:37:07,2024-09-28,2024-10-18 22:42:07,2024-10-10 22:42:07,338.75,817.49,3
ORD-1480,c25dc6d5-b678-40e7-a968-544b6c6c82a9,delivered,2025-02-19 19:00:46,2025-02-19 21:24:46,2025-02-22,2025-03-07 19:00:46,2025-03-03 19:00:46,245.83,745.09,4
ORD-1481,21457b58-272c-4d92-8f3a-3fd417280fe2,delivered,2025-02-08 07:17:35,2025-02-08 11:48:35,2025-02-09,2025-02-15 07:17:35,2025-02-19 07:17:35,464.57,39.53,1
ORD-1482,0f0b92c1-f2c6-4f29-9d9a-06aacacc3791,delivered,2024-12-23 06:05:31,2024-12-23 08:04:31,2024-12-25,2025-01-09 06:05:31,2025-01-07 06:05:31,296.59,82.64,3
ORD-1483,68fb8cf8-d331-4bc8-8de7-e1c2c6931693,delivered,2024-04-25 05:23:23,2024-04-25 06:10:23,2024-04-28,2024-05-01 05:23:23,2024-05-03 05:23:23,12.59,281.69,2
ORD-1484,cbe92db0-b963-43b8-ac19-9f7598fdc221,delivered,2025-03-16 05:45:32,2025-03-16 09:48:32,2025-03-19,2025-03-23 05:45:32,2025-03-25 05:45:32,137.95,958.91,4
ORD-1485,ab39f208-cd54-4c9d-a299-b03f552cc2c2,delivered,2026-01-22 03:01:10,2026-01-22 07:44:10,2026-01-23,2026-01-25 03:01:10,2026-01-28 03:01:10,53.61,211.42,2
ORD-1486,1ceb3228-7686-472f-aeac-8509b8e193cc,delivered,2024-05-16 23:56:16,2024-05-17 01:29:16,2024-05-18,2024-05-25 23:56:16,2024-05-25 23:56:16,254.62,939.07,5
ORD-1487,03372d78-5cdd-423d-8436-d60bb0145e99,delivered,2024-11-13 16:09:08,2024-11-13 20:45:08,2024-11-16,2024-11-19 16:09:08,2024-11-20 16:09:08,314.43,223.52,4
ORD-1488,ed68acd4-1499-4660-a862-dbb797070518,delivered,2025-07-14 21:39:05,2025-07-15 01:02:05,2025-07-17,2025-08-02 21:39:05,2025-07-24 21:39:05,125.81,41.67,3
ORD-1489,68268323-6966-4955-a534-ebb5a83d687d,delivered,2025-11-30 08:04:13,2025-11-30 10:09:13,2025-12-02,2025-12-11 08:04:13,2025-12-12 08:04:13,403.96,794.13,5
ORD-1490,a38aa364-7db0-48f0-a92a-9bd4de81ecf9,delivered,2024-10-19 05:22:21,2024-10-19 09:21:21,2024-10-22,2024-10-30 05:22:21,2024-11-03 05:22:21,113.59,565.26,3
ORD-1491,bfc74147-5fbb-4b43-89ba-ff6bbfc218e7,delivered,2024-09-18 13:11:50,2024-09-18 13:46:50,2024-09-21,2024-09-25 13:11:50,2024-09-27 13:11:50,156.66,552.95,1
ORD-1492,89c814f5-79e7-424e-b972-f72ff652dcc0,delivered,2024-11-12 10:59:50,2024-11-12 15:08:50,2024-11-14,2024-12-03 10:59:50,2024-11-24 10:59:50,325.97,224.39,5
ORD-1493,5dc57694-ada9-4f9f-9fbe-f22fd863b661,delivered,2024-11-13 10:30:52,2024-11-13 11:03:52,2024-11-16,2024-11-29 10:30:52,2024-11-27 10:30:52,180.96,381.94,1
ORD-1494,32c61f07-9898-4688-863e-46718bff4723,delivered,2024-11-17 01:21:55,2024-11-17 03:53:55,2024-11-18,2024-11-22 01:21:55,2024-11-22 01:21:55,382.12,747.95,1
ORD-1495,111d6117-a657-4d32-8404-0432c0a37eb3,delivered,2025-04-06 21:10:38,2025-04-06 23:07:38,2025-04-07,2025-04-08 21:10:38,2025-04-12 21:10:38,99.41,700.91,2
ORD-1496,8c386af6-bedf-4cfc-88a2-f4b21dab5a29,delivered,2025-01-14 11:17:29,2025-01-14 11:36:29,2025-01-16,2025-01-21 11:17:29,2025-01-25 11:17:29,492.01,61.04,4
ORD-1497,893ceba1-4dec-44a9-b93f-b7d42b297ac9,delivered,2024-09-22 18:27:17,2024-09-22 19:29:17,2024-09-25,2024-10-03 18:27:17,2024-09-30 18:27:17,453.55,797.61,4
ORD-1498,39cc7d66-b352-4989-8ce3-0af9fc06b980,delivered,2025-09-17 21:09:14,2025-09-17 22:44:14,2025-09-19,2025-10-02 21:09:14,2025-09-23 21:09:14,290.99,76.09,4
ORD-1499,a5fffb77-e334-4527-965e-3fd168909ccf,delivered,2025-03-04 17:37:10,2025-03-04 22:06:10,2025-03-06,2025-03-24 17:37:10,2025-03-16 17:37:10,342.42,691.77,1
